Compania,Orden,Posicion,FechaMov,Hora,Secuencia,TipoReg,Cantidad,Articulo
225,176266,10,09/11/2020,78401,9,3,1,KD420018625     
225,177818,10,03/11/2020,82891,1,3,8.275,KS320019887     
225,180979,10,03/11/2020,82891,2,3,4.675,KS320019887     
225,181946,10,27/11/2020,77458,3,3,1.25,KS290019006     
225,181936,10,27/11/2020,77458,2,3,3.25,KS290019006     
225,182152,10,03/11/2020,82882,1,3,4.575,KS320019801     
225,182471,20,24/11/2020,76794,7,3,3.24,KS400018679     
225,182487,10,09/11/2020,78392,1,3,1.215,120013044       
225,182487,10,09/11/2020,78397,12,3,1.075,120013044       
225,182502,20,10/11/2020,81379,2,3,2.048,KS360020550     
225,182570,10,10/11/2020,81376,8,3,0.81,KD420019999     
225,182720,10,09/11/2020,78401,13,3,7.35,020014816       
225,182720,20,09/11/2020,78401,14,3,6.3,KS230019456     
225,182740,30,06/11/2020,81031,5,3,0.975,220012824       
225,182777,10,12/11/2020,77455,10,3,1.9,KS440019226     
225,182831,70,04/11/2020,82020,0,3,6,KS320018586     
225,182831,70,04/11/2020,82020,2,3,0.6,KS320018586     
225,182831,90,17/11/2020,78722,0,3,6,KS320018586     
225,182831,90,17/11/2020,78722,2,3,0.8,KS320018586     
225,182831,100,17/11/2020,78721,5,3,0.3,KD420017021     
225,182831,100,17/11/2020,78721,7,3,0.03,KD420017021     
225,182887,10,11/11/2020,81879,2,3,15,KS260020913     
225,182888,10,17/11/2020,78731,0,3,9.65,KS260020913     
225,182906,20,24/11/2020,76794,8,3,2.23,KS320018689     
225,182907,20,09/11/2020,78392,2,3,2.13,120012780       
225,182908,10,17/11/2020,78720,6,3,2,060014877       
225,182909,10,23/11/2020,78609,11,3,0.72,120014768       
225,182909,10,23/11/2020,78609,16,3,1.455,120014768       
225,182910,20,18/11/2020,79338,7,3,4.2,KD420019412     
225,182911,10,03/11/2020,82884,4,3,2,KS360020188     
225,182926,10,10/11/2020,81379,3,3,2.05,KS360020455     
225,182949,30,04/11/2020,82024,1,3,2.2,KS290018633     
225,182920,10,03/11/2020,82884,7,3,2.1,KS320020511     
225,182921,10,04/11/2020,82024,0,3,2.075,KS320018902     
225,182904,90,12/11/2020,77451,5,3,9,KS360020616     
225,182904,90,12/11/2020,77452,13,3,6.925,KS360020616     
225,183003,30,03/11/2020,82881,5,3,31.5,KS260018970     
225,183003,40,03/11/2020,82881,6,3,31.5,KS260018970     
225,183018,10,03/11/2020,82881,7,3,32.65,KS260018970     
225,182965,10,12/11/2020,77451,0,3,1.25,KD420020806     
225,182967,10,03/11/2020,82886,8,3,15,KS320020120     
225,182967,10,11/11/2020,81876,1,3,5.375,KS320020120     
225,182967,10,11/11/2020,81876,2,3,27.75,KS320020120     
225,182970,10,24/11/2020,76795,1,3,2,KS290019006     
225,182970,10,24/11/2020,76795,11,3,1.5,KS290019006     
225,183142,20,20/11/2020,77533,4,3,0.54,04008610        
225,183090,20,09/11/2020,78402,9,3,4.2,010018484       
225,183094,10,04/11/2020,82025,8,3,12.6,KS320020416     
225,183094,10,04/11/2020,82025,9,3,8.45,KS320020416     
225,183094,10,04/11/2020,82026,0,3,11.7,KS320020416     
225,183095,10,09/11/2020,78402,16,3,3.15,020018469       
225,183096,20,18/11/2020,79339,8,3,4.2,010018795       
225,183126,10,06/11/2020,81035,4,3,7.125,KS320019907     
225,183158,10,19/11/2020,78860,10,3,2.5,KS290020931     
225,183163,10,26/11/2020,76883,7,3,2.5,KS290020882     
225,183167,10,27/11/2020,77458,4,3,2,KS290020887     
225,183188,10,03/11/2020,82884,5,3,0.899999999999999,KS360020188     
225,183180,10,17/11/2020,78720,7,3,2.5,KS230019556     
225,183201,10,12/11/2020,77456,0,3,4.2,KS440019189     
225,183204,10,12/11/2020,77456,1,3,4.4,KS440019226     
225,183246,50,03/11/2020,82885,12,3,5.475,KS440019378     
225,183258,10,03/11/2020,82886,12,3,6,BS400020958     
225,183259,60,03/11/2020,82885,1,3,5.5,KS400017402     
225,183259,60,03/11/2020,82885,2,3,2.1,KS400017402     
225,183259,80,11/11/2020,81878,16,3,6,KS400017402     
225,183259,80,12/11/2020,77451,2,3,1.525,KS400017402     
225,183259,90,03/11/2020,82885,3,3,4.75,KS400018260     
225,183259,90,11/11/2020,81878,13,3,5.95,KS400018260     
225,183259,100,27/11/2020,77459,0,3,5,KS400017402     
225,183259,100,27/11/2020,77459,2,3,4.525,KS400017402     
225,183253,40,04/11/2020,82026,4,3,5.1,KS230018793     
225,183262,60,09/11/2020,78399,5,3,1,KS320015654     
225,183262,100,09/11/2020,78399,9,3,3,KS320018563     
225,183263,10,13/11/2020,79855,6,3,5.477,KS290018896     
225,183307,10,03/11/2020,82882,5,3,2.525,BS400019637     
225,183386,30,12/11/2020,77452,1,3,1.025,220017592       
225,183355,10,03/11/2020,82882,2,3,5,KS320019907     
225,183355,10,09/11/2020,78393,3,3,5,KS320019907     
225,183355,10,11/11/2020,81880,5,3,6.35,KS320019907     
225,183355,10,13/11/2020,79857,8,3,0.449999999999989,KS320019907     
225,183396,10,17/11/2020,78730,0,3,0.06,19008449        
225,183396,10,23/11/2020,78610,7,3,0.1,19008449        
225,183396,20,19/11/2020,78862,3,3,0.1,19018449        
225,183396,20,23/11/2020,78610,8,3,0.2,19018449        
225,183400,20,18/11/2020,79337,7,3,2.7,KS320015715     
225,183408,10,09/11/2020,78392,3,3,2,KS290018633     
225,183409,20,10/11/2020,81379,4,3,2.1,KS320017888     
225,183411,10,09/11/2020,78392,4,3,2.1,KS320018299     
225,183413,20,04/11/2020,82024,2,3,2,KS320018478     
225,183413,30,17/11/2020,78720,3,3,2.2,KS320018478     
225,183417,20,09/11/2020,78397,7,3,1.8,KD420020949     
225,183436,110,17/11/2020,78718,0,3,3,KS360020616     
225,183436,110,17/11/2020,78724,1,3,2.975,KS360020616     
225,183436,110,17/11/2020,78730,7,3,3,KS360020616     
225,183462,10,10/11/2020,81378,1,3,3.575,KS320019833     
225,183462,10,17/11/2020,78719,6,3,3.4,KS320019833     
225,183492,10,09/11/2020,78402,1,3,3.5,BS400020132     
225,183492,10,13/11/2020,79852,5,3,14.15,BS400020132     
225,183479,10,03/11/2020,82886,9,3,4,KS320019035     
225,183484,10,17/11/2020,78719,4,3,3,KD480020136     
225,183506,20,17/11/2020,78723,2,3,5.25,KS320019601     
225,183510,10,11/11/2020,81879,3,3,25,010015664       
225,183559,50,04/11/2020,82029,2,3,1.2,KD480016590     
225,183567,10,09/11/2020,78400,2,3,3,KS360018979     
225,183567,10,20/11/2020,77529,3,3,4,KS360018979     
225,183567,20,28/11/2020,45874,1,3,2.13,KS360018979     
225,183617,10,05/11/2020,80127,15,3,15.75,KS320020490     
225,183617,10,05/11/2020,80128,0,3,7.35,KS320020490     
225,183619,10,03/11/2020,82889,9,3,6.3,KS230019332     
225,183619,20,03/11/2020,82889,10,3,2.65,010019550       
225,183602,10,10/11/2020,81375,3,3,2.625,KS290020915     
225,183636,10,18/11/2020,79339,9,3,5.25,010018484       
225,183632,10,09/11/2020,78403,0,3,1.05,010018704       
225,183632,20,09/11/2020,78403,1,3,1,010018486       
225,183632,30,09/11/2020,78402,10,3,2.1,010018703       
225,183604,10,19/11/2020,78863,4,3,5.175,020016690       
225,183623,20,27/11/2020,77460,4,3,6,KS260018508     
225,183627,20,06/11/2020,81031,6,3,1.03,KS320018532     
225,183627,50,09/11/2020,78399,10,3,1,KS320020358     
225,183627,80,03/11/2020,82890,1,3,1.05,KS320016708     
225,183627,100,27/11/2020,77459,9,3,1,KS320018893     
225,183627,110,27/11/2020,77459,10,3,1.03,KS320018887     
225,183627,130,18/11/2020,79336,0,3,1.025,22009342        
225,183627,130,18/11/2020,79336,1,3,0.3,22009342        
225,183627,130,19/11/2020,78862,10,3,1.025,22009342        
225,183627,130,19/11/2020,78862,13,3,1.025,22009342        
225,183782,10,03/11/2020,82886,13,3,14.075,BS400020958     
225,183649,10,04/11/2020,82028,0,3,3.3,BS230018918     
225,183651,20,04/11/2020,82028,1,3,4.5,BS230018917     
225,183644,10,03/11/2020,82889,1,3,8.7,KS320018871     
225,183653,10,04/11/2020,82019,2,3,0.3,KS230017158     
225,183653,10,04/11/2020,82019,4,3,0.025,KS230017158     
225,183653,20,12/11/2020,77454,6,3,0.3,KS230017158     
225,183653,60,12/11/2020,77454,5,3,0.705,KD420015190     
225,183665,30,03/11/2020,82885,13,3,1.3,KS400014885     
225,183677,10,25/11/2020,78506,7,3,6.35,KS320019907     
225,183714,10,17/11/2020,78724,5,3,1,KS320320516     
225,183716,10,17/11/2020,78724,6,3,1,KS320020265     
225,183718,10,04/11/2020,82029,0,3,4,KS320320242     
225,183724,30,03/11/2020,82879,0,3,0.58,KD420020732     
225,183706,40,03/11/2020,82880,6,3,1.05,KS260020731     
225,183707,40,03/11/2020,82878,2,3,1,KS260020730     
225,183729,10,03/11/2020,82888,0,3,1.08,KS400017948     
225,183729,10,06/11/2020,81035,0,3,0.72,KS400017948     
225,183729,10,09/11/2020,78396,1,3,0.36,KS400017948     
225,183729,10,12/11/2020,77452,11,3,0.72,KS400017948     
225,183729,10,17/11/2020,78729,2,3,0.72,KS400017948     
225,183729,20,09/11/2020,78398,13,3,0.72,KS400017948     
225,183729,20,20/11/2020,77531,5,3,0.72,KS400017948     
225,183729,20,24/11/2020,76793,0,3,0.72,KS400017948     
225,183729,30,27/11/2020,77460,6,3,0.72,KS400017948     
225,183731,30,06/11/2020,81033,1,3,5.25,KD420018931     
225,183732,40,04/11/2020,82021,8,3,2.6,KS400019055     
225,183732,40,04/11/2020,82021,9,3,4.2,KS400019055     
225,183737,10,09/11/2020,78401,15,3,2.15,KS230021013     
225,183734,10,03/11/2020,82889,6,3,6.6,BS440019654     
225,183734,20,03/11/2020,82889,7,3,13.2,010114419       
225,183734,30,03/11/2020,82889,8,3,6.6,010214419       
225,183771,10,04/11/2020,82026,7,3,4.2,KS230021015     
225,183768,10,09/11/2020,78400,13,3,2,KS320018532     
225,183768,20,28/11/2020,45873,0,3,1.05,KS320018532     
225,183776,10,11/11/2020,81878,14,3,25,010015471       
225,183776,20,12/11/2020,77454,0,3,25,010015471       
225,183777,10,11/11/2020,81876,0,3,25,010015473       
225,183755,10,03/11/2020,82879,6,3,0.575,030015608       
225,183756,10,03/11/2020,82879,7,3,0.575,030015948       
225,183786,10,06/11/2020,81038,10,3,14.45,KS320020580     
225,183786,20,09/11/2020,78396,4,3,4.2,BS440019668     
225,183786,20,09/11/2020,78399,14,3,22.225,BS440019668     
225,183787,10,03/11/2020,82886,14,3,2.1,KS400021020     
225,183789,20,04/11/2020,82028,2,3,0.5,BS230018917     
225,183789,20,09/11/2020,78400,6,3,2.75,BS230018917     
225,183790,40,03/11/2020,82888,2,3,3.125,KS290018558     
225,183791,10,17/11/2020,78722,1,3,0.4,050015483       
225,183791,30,04/11/2020,82019,0,3,1.5,KD420015321     
225,183791,30,04/11/2020,82019,1,3,0.105,KD420015321     
225,183791,40,04/11/2020,82019,3,3,0.5,KS230017158     
225,183791,50,04/11/2020,82020,1,3,0.4,050015483       
225,183791,50,04/11/2020,82020,3,3,0.021,050015483       
225,183791,70,17/11/2020,78721,6,3,1.5,KD420015321     
225,183791,70,17/11/2020,78721,8,3,0.133,KD420015321     
225,183791,80,12/11/2020,77455,0,3,0.5,KS230017158     
225,183791,80,12/11/2020,77455,1,3,0.075,KS230017158     
225,183791,100,09/11/2020,78398,1,3,1.2,KD420015267     
225,183791,100,09/11/2020,78398,2,3,0.12,KD420015267     
225,183792,10,11/11/2020,81880,3,3,2.025,KS290019756     
225,183799,10,03/11/2020,82889,2,3,8,210013359       
225,183800,10,03/11/2020,82889,3,3,3.05,BS290018937     
225,183803,10,03/11/2020,82889,0,3,1.05,010020430       
225,183803,10,05/11/2020,80126,5,3,0.5,010020430       
225,183804,20,03/11/2020,82884,6,3,1,110015899       
225,183812,10,03/11/2020,82882,6,3,8.725,BS400019637     
225,183812,10,04/11/2020,82022,2,3,7.1,BS400019637     
225,183812,10,13/11/2020,79853,3,3,2.175,BS400019637     
225,183818,10,03/11/2020,82882,7,3,9.55,BS400019411     
225,183821,10,04/11/2020,82026,8,3,5,KS320019841     
225,183821,10,23/11/2020,78612,5,3,4.1,KS320019841     
225,183822,10,24/11/2020,76795,12,3,10,KS320020713     
225,183823,10,06/11/2020,81037,0,3,2.57,KD420019930     
225,183825,10,04/11/2020,82026,9,3,1.625,KS290020930     
225,183825,10,04/11/2020,82027,1,3,0.875,KS290020930     
225,183825,10,13/11/2020,79852,6,3,3.5,KS290020930     
225,183825,10,17/11/2020,78729,1,3,3.5,KS290020930     
225,183833,20,06/11/2020,81032,5,3,3.1,KS230019898     
225,183831,20,09/11/2020,78399,0,3,6.8,KS290020426     
225,183831,30,04/11/2020,82025,2,3,5.075,KS260020322     
225,183831,40,04/11/2020,82025,3,3,5.075,KS230120322     
225,183831,50,04/11/2020,82025,4,3,5.075,KS230220322     
225,183831,60,04/11/2020,82025,5,3,4,KS290020323     
225,183831,70,09/11/2020,78399,1,3,5.2,KS320020427     
225,183831,80,09/11/2020,78400,12,3,6.825,KS290020426     
225,183831,90,13/11/2020,79857,7,3,9.325,KS290020426     
225,183831,100,23/11/2020,78613,5,3,5.3,KS320020427     
225,183837,10,06/11/2020,81033,0,3,2.975,KS230020962     
225,183874,20,06/11/2020,81038,12,3,1.05,220012035       
225,183874,30,06/11/2020,81038,14,3,4.125,220012037       
225,183846,10,09/11/2020,78396,5,3,1.2,KS400018043     
225,183847,10,17/11/2020,78722,7,3,2,KS400020401     
225,183859,20,12/11/2020,77455,7,3,0.87,11002527        
225,183859,30,12/11/2020,77455,8,3,0.87,03012527        
225,183872,20,03/11/2020,82879,2,3,5.6,KS360020590     
225,183872,20,03/11/2020,82881,0,3,17.5,KS360020590     
225,183872,100,03/11/2020,82883,0,3,9,KS360020589     
225,183872,100,03/11/2020,82886,1,3,18,KS360020589     
225,183872,140,03/11/2020,82879,3,3,11.383,KS360020591     
225,183873,30,03/11/2020,82885,7,3,12.25,KS360020590     
225,183873,50,03/11/2020,82883,2,3,33,KS360020589     
225,183873,50,03/11/2020,82885,8,3,17.6,KS360020589     
225,183898,20,06/11/2020,81038,8,3,3,KS230018610     
225,183902,10,03/11/2020,82887,4,3,1.4,KS230016251     
225,183902,30,11/11/2020,81880,12,3,1.026,110018692       
225,183902,70,11/11/2020,81880,13,3,1.76,KS230017041     
225,183884,10,09/11/2020,78393,4,3,1.59999999999999,KS320019831     
225,183893,10,03/11/2020,82879,8,3,6.725,KS320019907     
225,183893,10,03/11/2020,82882,3,3,6.1,KS320019907     
225,183893,10,13/11/2020,79851,4,3,3.7,KS320019907     
225,183893,10,17/11/2020,78725,5,3,7.4,KS320019907     
225,183893,10,23/11/2020,78611,12,3,7,KS320019907     
225,183903,30,26/11/2020,76889,4,3,1.5,030015136       
225,183897,10,05/11/2020,80126,11,3,8.05,KS400020986     
225,183913,10,17/11/2020,78720,4,3,2.5,010019689       
225,183915,10,23/11/2020,78614,8,3,2.01,120012780       
225,183917,10,23/11/2020,78613,10,3,2,KS320017888     
225,183918,10,23/11/2020,78613,11,3,2.1,KS320019129     
225,183919,10,19/11/2020,78862,11,3,1.025,KS320016253     
225,183919,30,09/11/2020,78401,0,3,2.1,KS320018667     
225,183919,50,09/11/2020,78399,11,3,1,KS320020358     
225,183919,70,28/11/2020,45873,1,3,1.2,KS320016708     
225,183919,90,09/11/2020,78399,6,3,3.09,KS320018380     
225,183919,110,09/11/2020,78399,12,3,1,KS320020554     
225,183919,120,09/11/2020,78399,7,3,0.7,22009342        
225,183919,130,12/11/2020,77452,2,3,1.03,KS320015511     
225,183919,140,11/11/2020,81877,3,3,1.025,KS320015643     
225,183919,150,18/11/2020,79334,5,3,4.175,KS320015710     
225,183919,160,03/11/2020,82890,2,3,5.225,KS290017367     
225,183919,170,25/11/2020,78501,5,3,1.025,KS320016711     
225,183919,180,10/11/2020,81376,6,3,10.1,KS290017258     
225,183922,20,03/11/2020,82884,8,3,2.025,KS360019341     
225,183924,10,23/11/2020,78609,12,3,2.075,BS360020187     
225,183925,20,23/11/2020,78613,12,3,1.1,KS360020926     
225,183926,10,04/11/2020,82024,3,3,2.05,BS400018173     
225,183927,10,04/11/2020,82024,4,3,2.1,KS360019744     
225,183928,10,04/11/2020,82025,0,3,1.05,KS290019319     
225,183934,10,23/11/2020,78609,13,3,2,KS320018299     
225,183935,10,23/11/2020,78614,0,3,1,KS320018594     
225,184052,10,11/11/2020,81877,2,3,16.65,BS290020453     
225,184052,10,17/11/2020,78727,1,3,15,BS290020453     
225,184052,10,19/11/2020,78859,2,3,21.6,BS290020453     
225,183942,30,05/11/2020,80126,3,3,1.95,BS290017230     
225,183942,40,03/11/2020,82886,0,3,1.1,KS260017648     
225,183943,10,17/11/2020,78719,0,3,18,BS400019410     
225,183947,10,10/11/2020,81377,16,3,7,KS550020869     
225,183949,10,04/11/2020,82021,1,3,2.155,KD420017785     
225,183950,20,10/11/2020,81377,7,3,3.69,KD420021034     
225,183950,30,26/11/2020,76884,10,3,3.03,KD420021034     
225,183951,10,05/11/2020,80127,7,3,1.5,KS400021033     
225,183951,10,05/11/2020,80127,9,3,4.4,KS400021033     
225,183951,20,17/11/2020,78730,10,3,2.045,KS260021036     
225,183952,30,05/11/2020,80127,8,3,2.093,KS320021037     
225,183953,10,09/11/2020,78403,2,3,0.55,KS230020828     
225,183957,10,04/11/2020,82028,3,3,5,KS260019589     
225,183957,20,04/11/2020,82028,4,3,5,KS230019711     
225,183958,20,10/11/2020,81375,4,3,5.175,KS440020373     
225,183961,10,09/11/2020,78402,11,3,10.5,020016690       
225,183962,10,19/11/2020,78863,5,3,5.25,020014501       
225,183964,10,13/11/2020,79856,0,3,5,210013359       
225,183964,10,13/11/2020,79856,3,3,1.25,210013359       
225,183965,10,03/11/2020,82889,4,3,3.3,KS260019365     
225,183969,10,10/11/2020,81375,6,3,2.575,KS400020509     
225,183945,10,18/11/2020,79339,10,3,2.625,KS230017156     
225,183970,20,05/11/2020,80125,12,3,5.25,KD420019615     
225,183970,30,04/11/2020,82028,5,3,10.5,KD420019615     
225,183980,10,06/11/2020,81033,2,3,1.95,KD420018931     
225,183980,10,06/11/2020,81033,3,3,3.075,KD420018931     
225,183959,10,10/11/2020,81375,5,3,5.25,KS320019602     
225,183959,20,18/11/2020,79338,8,3,5,KS320019602     
225,183959,30,25/11/2020,78505,0,3,4.925,KS320019602     
225,183981,10,04/11/2020,82021,5,3,3.65,BS320019381     
225,183982,10,11/11/2020,81879,9,3,5.5,KS400019055     
225,183982,10,11/11/2020,81880,0,3,4.9,KS400019055     
225,183982,20,17/11/2020,78726,6,3,5.25,KS400019055     
225,183983,10,18/11/2020,79338,9,3,2.4,KD420019670     
225,183983,10,18/11/2020,79339,15,3,2.85,KD420019670     
225,183974,10,06/11/2020,81035,3,3,7.75,BS400020195     
225,183974,20,06/11/2020,81033,4,3,9.45,BS400020196     
225,184043,10,12/11/2020,77451,7,3,10.3,BS260020648     
225,184043,20,12/11/2020,77451,8,3,10.3,KS260120648     
225,184044,20,24/11/2020,76794,0,3,1,KS290019008     
225,184045,10,09/11/2020,78399,15,3,10.4,KS230019086     
225,183972,10,03/11/2020,82887,5,3,2.7,KD480020190     
225,183972,10,03/11/2020,82888,5,3,2.67,KD480020190     
225,184053,10,18/11/2020,79334,6,3,10.3,KS290017258     
225,184053,50,09/11/2020,78399,8,3,1,220014598       
225,184054,10,09/11/2020,78402,8,3,11.45,030012631       
225,184054,20,09/11/2020,78401,1,3,1.05,KS320020559     
225,184055,40,18/11/2020,79334,7,3,1.025,KS320015646     
225,184055,80,12/11/2020,77452,3,3,2.05,KS320018134     
225,184055,90,09/11/2020,78399,13,3,1,KS320018744     
225,184055,110,12/11/2020,77452,4,3,1.025,KS320020507     
225,184055,140,11/11/2020,81877,4,3,1,KS320017239     
225,184055,150,11/11/2020,81878,0,3,1,KS320017239     
225,184066,20,17/11/2020,78725,2,3,2.1,KS320017428     
225,184066,30,27/11/2020,77459,11,3,3.09,KS320017428     
225,184066,40,18/11/2020,79334,8,3,1.05,KS400017427     
225,184066,50,25/11/2020,78501,6,3,0.7,KS400017427     
225,184066,60,27/11/2020,77459,12,3,2.06,KS320018666     
225,184066,70,11/11/2020,81878,1,3,0.9,KS320018814     
225,184066,80,28/11/2020,45873,2,3,1,KS320016708     
225,184066,120,11/11/2020,81878,2,3,4.938,KS290017367     
225,184066,130,11/11/2020,81878,3,3,4.937,KS290017367     
225,184066,140,25/11/2020,78501,7,3,5.25,KS290017367     
225,184022,10,03/11/2020,82879,4,3,0.89,KS260021038     
225,183979,10,03/11/2020,82888,3,3,1.56,KD480017878     
225,183979,20,03/11/2020,82888,4,3,1.56,KD480117733     
225,184024,10,03/11/2020,82889,11,3,1.59,050017777       
225,184024,20,17/11/2020,78730,1,3,2.078,050017776       
225,184024,30,03/11/2020,82889,12,3,1.1,KS400018135     
225,184025,10,03/11/2020,82888,1,3,1.08,KS320017949     
225,184025,10,06/11/2020,81035,1,3,0.8,KS320017949     
225,184025,10,09/11/2020,78396,2,3,2.52,KS320017949     
225,184025,10,09/11/2020,78398,14,3,2.88,KS320017949     
225,184025,10,12/11/2020,77452,12,3,2.52,KS320017949     
225,184025,20,17/11/2020,78729,3,3,2.52,KS320017949     
225,184025,20,20/11/2020,77531,6,3,2.52,KS320017949     
225,184025,20,24/11/2020,76793,1,3,2.52,KS320017949     
225,184025,20,27/11/2020,77460,7,3,2.52,KS320017949     
225,183986,10,10/11/2020,81377,14,3,0.337,BD420018967     
225,184026,10,04/11/2020,82027,5,3,4.2,KS230018729     
225,184026,20,04/11/2020,82027,6,3,4.2,KS260018850     
225,184026,30,04/11/2020,82027,7,3,2.1,KS260020724     
225,184016,10,04/11/2020,82026,5,3,10.5,KS230018724     
225,184016,20,04/11/2020,82026,6,3,4.2,KS230018845     
225,184005,10,13/11/2020,79855,1,3,25,010015473       
225,183987,10,20/11/2020,77534,1,3,0.999999999999999,KS320019887     
225,184028,10,04/11/2020,82026,1,3,10.2,02008398        
225,184029,30,09/11/2020,78397,8,3,1.69,KD480020932     
225,184030,10,05/11/2020,80127,0,3,3.6,KD420016612     
225,184030,10,05/11/2020,80128,3,3,1.35,KD420016612     
225,184030,30,05/11/2020,80125,5,3,18,KD420016605     
225,184030,30,05/11/2020,80125,13,3,2.9,KD420016605     
225,184030,40,09/11/2020,78397,9,3,0.7,KD480016606     
225,184030,40,09/11/2020,78401,11,3,2.8,KD480016606     
225,184030,40,17/11/2020,78730,3,3,0.852,KD480016606     
225,184030,40,19/11/2020,78860,13,3,0.278,KD480016606     
225,184030,50,04/11/2020,82029,3,3,1.2,KD480019731     
225,184032,10,06/11/2020,81034,3,3,1.5,BD510020775     
225,184032,10,09/11/2020,78397,10,3,0.7,BD510020775     
225,184032,20,04/11/2020,82029,4,3,0.7,KD480020841     
225,184032,20,05/11/2020,80128,4,3,0.28,KD480020841     
225,184032,30,04/11/2020,82029,5,3,1.32,KD480016590     
225,184032,30,05/11/2020,80125,14,3,4.2,KD480016590     
225,184032,30,05/11/2020,80127,1,3,3.92,KD480016590     
225,184032,30,05/11/2020,80128,5,3,1.66,KD480016590     
225,184036,20,09/11/2020,78397,11,3,1,KD420016610     
225,184036,70,04/11/2020,82020,4,3,4.22,KD480019475     
225,184037,10,04/11/2020,82029,1,3,2.5,KS320021040     
225,184038,10,04/11/2020,82027,0,3,4,KS290021039     
225,184013,10,24/11/2020,76791,1,3,2,KS290021039     
225,184013,10,24/11/2020,76795,2,3,18,KS290021039     
225,184039,10,04/11/2020,82023,6,3,0.98,KS510116793     
225,184039,20,04/11/2020,82023,7,3,0.98,KS440016793     
225,184033,10,13/11/2020,79853,5,3,1.15,KS710018705     
225,184033,20,03/11/2020,82884,3,3,1.65,KS710020362     
225,184035,10,04/11/2020,82026,2,3,0.9,KS320016806     
225,184035,20,04/11/2020,82026,3,3,0.9,KS550116806     
225,184056,10,05/11/2020,80128,2,3,3.1,KS290018637     
225,184056,20,19/11/2020,78860,3,3,3.15,KS290018558     
225,184050,10,09/11/2020,78402,4,3,10.5,030016181       
225,184050,20,09/11/2020,78402,5,3,10.5,030116181       
225,184057,10,06/11/2020,81038,9,3,1,KS230020513     
225,184059,10,19/11/2020,78860,11,3,0.49,110019263       
225,184060,10,12/11/2020,77453,3,3,6.6,BS440019654     
225,184060,20,12/11/2020,77453,4,3,13.2,010114419       
225,184060,30,12/11/2020,77453,5,3,6.6,010214419       
225,184061,10,03/11/2020,82879,5,3,6.125,KS260020893     
225,184063,10,03/11/2020,82881,8,3,0.84,KS400019323     
225,184064,10,10/11/2020,81376,9,3,1.8,KS400019323     
225,184064,10,10/11/2020,81376,13,3,1.8,KS400019323     
225,184064,20,10/11/2020,81377,17,3,1.76,KS400019323     
225,184064,20,26/11/2020,76887,1,3,1.8,KS400019323     
225,184064,20,26/11/2020,76888,13,3,1.95,KS400019323     
225,184071,10,05/11/2020,80127,10,3,3.135,KD420020911     
225,184072,10,05/11/2020,80127,11,3,4.4,KS260020079     
225,184072,10,05/11/2020,80127,13,3,2,KS260020079     
225,184109,20,03/11/2020,82885,4,3,4.98,KD820020988     
225,184109,40,03/11/2020,82890,4,3,3.99,KD820020990     
225,184109,50,03/11/2020,82890,5,3,4.5,KS440021022     
225,184109,60,03/11/2020,82885,5,3,5.46,KD820020991     
225,184332,10,17/11/2020,78728,3,3,1.05,KS400018654     
225,184332,20,17/11/2020,78728,4,3,1.05,KS400018655     
225,184079,10,03/11/2020,82889,5,3,2.2,BS400020403     
225,184080,10,03/11/2020,82888,6,3,25,010015696       
225,184081,10,03/11/2020,82888,10,3,25,010015474       
225,184082,10,13/11/2020,79853,4,3,14.275,BS400019637     
225,184083,20,03/11/2020,82885,14,3,6.325,KS400014885     
225,184123,10,17/11/2020,78731,11,3,1,KS290021041     
225,184084,10,09/11/2020,78402,15,3,22.525,KS290019809     
225,184076,10,04/11/2020,82020,5,3,3.9,040010551       
225,184076,10,04/11/2020,82027,2,3,3.45,040010551       
225,184076,20,04/11/2020,82020,6,3,3.9,040110551       
225,184076,20,04/11/2020,82027,3,3,3.45,040110551       
225,184076,30,04/11/2020,82021,0,3,23.4,030210551       
225,184076,30,04/11/2020,82027,4,3,20.7,030210551       
225,184124,10,09/11/2020,78400,3,3,0.3,KS360020709     
225,184086,10,20/11/2020,77531,3,3,4.394,010017883       
225,184086,10,20/11/2020,77533,3,3,3.92,010017883       
225,184086,10,23/11/2020,78609,8,3,1.4,010017883       
225,184112,10,19/11/2020,78862,5,3,2.575,KS320017369     
225,184113,10,03/11/2020,82890,3,3,4.5,KS230020193     
225,184113,10,05/11/2020,80126,4,3,0.5,KS230020193     
225,184113,10,12/11/2020,77453,13,3,1.3,KS230020193     
225,184156,40,19/11/2020,78862,12,3,2,030014744       
225,184156,60,13/11/2020,79853,2,3,2.055,KD510015961     
225,184157,10,17/11/2020,78725,3,3,15.65,KS290017256     
225,184158,10,09/11/2020,78401,2,3,4.125,KS320018532     
225,184159,10,27/11/2020,77459,13,3,2.1,KS320018532     
225,184159,10,28/11/2020,45873,3,3,1.05,KS320018532     
225,184090,10,03/11/2020,82880,0,3,15,030019843       
225,184090,10,03/11/2020,82881,2,3,13.125,030019843       
225,184090,10,03/11/2020,82882,4,3,16.875,030019843       
225,184090,10,03/11/2020,82890,7,3,15,030019843       
225,184090,10,05/11/2020,80127,2,3,13.125,030019843       
225,184090,10,06/11/2020,81036,0,3,15,030019843       
225,184090,10,06/11/2020,81038,15,3,15,030019843       
225,184090,10,06/11/2020,81038,16,3,5,030019843       
225,184090,10,09/11/2020,78394,0,3,10,030019843       
225,184090,10,09/11/2020,78397,3,3,15,030019843       
225,184090,10,09/11/2020,78397,6,3,15,030019843       
225,184090,10,10/11/2020,81376,10,3,13.125,030019843       
225,184090,10,10/11/2020,81377,3,3,14.8,030019843       
225,184114,10,25/11/2020,78501,10,3,0.07,19008449        
225,184114,20,25/11/2020,78501,11,3,0.09,19018449        
225,184114,30,19/11/2020,78862,4,3,0.5,09028449        
225,184099,10,03/11/2020,82880,1,3,0.425,KS290016187     
225,184101,10,19/11/2020,78861,5,3,0.6,030018773       
225,184102,10,03/11/2020,82880,2,3,0.7,KS320018208     
225,184107,10,03/11/2020,82890,8,3,0.475,KS320020084     
225,184126,10,03/11/2020,82885,11,3,2,KS440020802     
225,184160,10,25/11/2020,78501,8,3,7.875,KS290021042     
225,184160,20,13/11/2020,79854,4,3,15.425,KS290021042     
225,184129,10,04/11/2020,82021,6,3,0.525,KS400021047     
225,184130,10,12/11/2020,77454,4,3,3.9,KS230021008     
225,184116,10,17/11/2020,78732,7,3,3.175,KS360020309     
225,184116,20,17/11/2020,78732,8,3,3.175,110114964       
225,184116,30,24/11/2020,76794,11,3,2.05,KS360020306     
225,184116,40,24/11/2020,76795,0,3,2.05,020114961       
225,184116,50,18/11/2020,79339,0,3,1.1,KS360020311     
225,184116,60,11/11/2020,81879,0,3,3.175,KS320020313     
225,184118,10,17/11/2020,78725,0,3,3,KS320020241     
225,184135,10,04/11/2020,82029,6,3,0.39,KD480021048     
225,184136,10,17/11/2020,78725,1,3,3.425,KS320020353     
225,184121,10,13/11/2020,79857,1,3,2.2,KS360017826     
225,184122,10,12/11/2020,77456,2,3,2.35,KS360117938     
225,184122,20,12/11/2020,77456,3,3,2.35,KS360016024     
225,184137,10,05/11/2020,80127,12,3,3.075,KS260020013     
225,184138,10,13/11/2020,79856,1,3,5.3,BS290020129     
225,184139,10,04/11/2020,82021,4,3,2.75,KS320021050     
225,184151,10,10/11/2020,81378,0,3,0.46,KS260021049     
225,184142,10,10/11/2020,81380,3,3,0.515,03008674        
225,184133,20,05/11/2020,80127,3,3,6.5,060019890       
225,184152,10,19/11/2020,78859,3,3,3.435,BD420019464     
225,184152,10,26/11/2020,76883,3,3,8.4,BD420019464     
225,184152,10,26/11/2020,76884,1,3,5.16499999999999,BD420019464     
225,184148,10,26/11/2020,76884,0,3,2.155,BD420019464     
225,184145,10,05/11/2020,80125,7,3,12,BS290020846     
225,184145,10,05/11/2020,80128,1,3,4.1,BS290020846     
225,184149,10,20/11/2020,77532,9,3,1.175,KS320017936     
225,184149,10,20/11/2020,77533,0,3,0.0349999999999999,KS320017936     
225,184153,10,09/11/2020,78402,6,3,2.085,KS320019362     
225,184155,10,09/11/2020,78396,0,3,0.405,BS360021021     
225,184155,10,23/11/2020,78608,1,3,1.65,BS360021021     
225,184155,10,26/11/2020,76888,1,3,0.952,BS360021021     
225,184155,20,06/11/2020,81037,2,3,1.5,BS360021021     
225,184155,20,23/11/2020,78609,9,3,0.65,BS360021021     
225,184154,10,09/11/2020,78402,7,3,2.695,KS290019541     
225,184161,10,10/11/2020,81380,1,3,1.5,KS320018210     
225,184161,20,10/11/2020,81380,2,3,1.5,KS320118210     
225,184169,10,03/11/2020,82883,1,3,3.8,020012592       
225,184169,10,06/11/2020,81038,11,3,2,020012592       
225,184170,10,25/11/2020,78505,8,3,2,KS290020739     
225,184170,20,25/11/2020,78505,6,3,2,KS290020737     
225,184171,10,09/11/2020,78398,4,3,5.125,KS230018183     
225,184172,10,03/11/2020,82885,6,3,1.5,KD480020240     
225,184174,10,13/11/2020,79852,7,3,2,KS320019035     
225,184175,10,24/11/2020,76796,0,3,11,KS320019035     
225,184176,10,25/11/2020,78500,7,3,0.523,020012231       
225,184177,10,03/11/2020,82890,6,3,31.5,030019409       
225,184177,10,04/11/2020,82021,3,3,24.25,030019409       
225,184177,10,05/11/2020,80125,11,3,31.5,030019409       
225,184177,10,05/11/2020,80128,8,3,18,030019409       
225,184177,10,09/11/2020,78401,5,3,6.25,030019409       
225,184178,10,10/11/2020,81375,1,3,1,KS290017512     
225,184180,30,09/11/2020,78400,7,3,1.1,KS290018501     
225,184181,10,05/11/2020,80128,15,3,5.325,BS290019786     
225,184181,20,05/11/2020,80128,16,3,1,BS290019785     
225,184181,20,06/11/2020,81031,0,3,4.35,BS290019785     
225,184182,10,09/11/2020,78395,4,3,5.45,KS290018502     
225,184182,20,17/11/2020,78722,8,3,1.1,KS290019287     
225,184185,10,06/11/2020,81034,1,3,9.35,KS320019801     
225,184204,10,09/11/2020,78397,0,3,2.5,KS320019887     
225,184186,10,03/11/2020,82891,3,3,9.525,KS320019887     
225,184186,10,03/11/2020,82891,5,3,1.15,KS320019887     
225,184186,10,09/11/2020,78394,1,3,1.7,KS320019887     
225,184186,10,09/11/2020,78396,9,3,3.5,KS320019887     
225,184188,10,09/11/2020,78397,4,3,2.35,KS320019879     
225,184195,10,03/11/2020,82880,3,3,0.3,KS260017638     
225,184197,10,11/11/2020,81876,3,3,0.375,030015608       
225,184207,10,03/11/2020,82880,7,3,5.9,BS260017345     
225,184196,10,03/11/2020,82881,3,3,2.75,KS320017194     
225,184198,10,03/11/2020,82881,4,3,0.3,KS290017613     
225,184199,10,03/11/2020,82880,4,3,3,080016976       
225,184199,10,05/11/2020,80127,4,3,3.325,080016976       
225,184202,10,27/11/2020,77461,6,3,0.65,KS320017618     
225,184203,10,17/11/2020,78719,7,3,1.775,KS320020937     
225,184203,10,19/11/2020,78860,0,3,0.999999999999999,KS320020937     
225,184205,10,13/11/2020,79857,9,3,0.8,030016074       
225,184223,10,17/11/2020,78727,5,3,0.975,KS320020865     
225,184223,10,17/11/2020,78727,7,3,1.05,KS320020865     
225,184223,10,17/11/2020,78727,8,3,1.05,KS320020865     
225,184224,10,17/11/2020,78727,6,3,1.05,KS320020863     
225,184213,10,17/11/2020,78727,4,3,1.05,KS320020863     
225,184225,10,05/11/2020,80128,9,3,1.47,KD420020732     
225,184225,20,10/11/2020,81378,14,3,0.47,KD420020732     
225,184225,20,17/11/2020,78732,2,3,0.95,KD420020732     
225,184225,30,17/11/2020,78732,1,3,1.5,KD420020732     
225,184225,40,24/11/2020,76793,2,3,1.57,KD420020732     
225,184226,10,05/11/2020,80128,10,3,1.575,KS260020731     
225,184226,20,10/11/2020,81379,0,3,1.575,KS260020731     
225,184226,30,17/11/2020,78728,0,3,1.575,KS260020731     
225,184226,40,24/11/2020,76793,3,3,1.575,KS260020731     
225,184227,10,10/11/2020,81376,7,3,0.95,KS230021056     
225,184227,20,17/11/2020,78731,4,3,1.1,KS230021055     
225,184227,30,17/11/2020,78731,5,3,1,KS230021053     
225,184227,40,11/11/2020,81875,0,3,0.875,KS230021054     
225,184228,10,05/11/2020,80128,11,3,2.1,KS260020730     
225,184228,20,10/11/2020,81379,1,3,2.1,KS260020730     
225,184228,30,17/11/2020,78728,1,3,2.1,KS260020730     
225,184228,40,24/11/2020,76793,4,3,1.575,KS260020730     
225,184392,10,23/11/2020,78608,8,3,21.1,KS320020638     
225,184393,10,23/11/2020,78608,0,3,15.1,BS440019668     
225,184253,10,09/11/2020,78396,6,3,0.8,010018382       
225,184254,10,09/11/2020,78396,7,3,0.6,KS400018381     
225,184328,10,09/11/2020,78401,4,3,3.3,KS230021058     
225,184232,10,12/11/2020,77453,15,3,4.2,BS360018754     
225,184233,10,13/11/2020,79855,4,3,2.5,KS320020979     
225,184234,10,17/11/2020,78718,3,3,5.45,BS360020649     
225,184235,10,13/11/2020,79855,3,3,1.8,KS400019835     
225,184235,10,17/11/2020,78723,0,3,58.2,KS400019835     
225,184236,10,11/11/2020,81877,1,3,1,KS400019836     
225,184237,10,17/11/2020,78719,11,3,5.5,KS290018503     
225,184237,20,17/11/2020,78720,0,3,5,KS290018429     
225,184237,30,23/11/2020,78614,6,3,4.4,KS290018581     
225,184237,40,19/11/2020,78860,12,3,7.7,KS290018916     
225,184237,50,19/11/2020,78862,0,3,6.375,KS290018436     
225,184237,60,17/11/2020,78723,1,3,8.525,KS290018430     
225,184237,70,19/11/2020,78864,1,3,5.1,KS290018432     
225,184238,10,13/11/2020,79855,0,3,1.6,03009257        
225,184238,20,13/11/2020,79851,7,3,1.008,03008665        
225,184238,30,13/11/2020,79851,8,3,2.2,03008664        
225,184238,40,13/11/2020,79852,0,3,1.062,03008961        
225,184239,10,12/11/2020,77451,1,3,1.5,KS360020873     
225,184246,10,11/11/2020,81880,11,3,1.037,KS290017720     
225,184255,10,23/11/2020,78609,14,3,2.125,030014637       
225,184247,10,23/11/2020,78610,9,3,2.4,KD420016715     
225,184247,10,23/11/2020,78613,8,3,3,KD420016715     
225,184247,10,23/11/2020,78616,3,3,0.83,KD420016715     
225,184257,10,09/11/2020,78398,0,3,2.1,KS320018301     
225,184257,20,17/11/2020,78731,3,3,2.1,KS320018301     
225,184257,30,23/11/2020,78614,1,3,4,KS320018301     
225,184258,10,23/11/2020,78615,4,3,2.2,KD480021061     
225,184240,10,13/11/2020,79856,4,3,1,BS360021067     
225,184241,10,12/11/2020,77453,10,3,10.48,KS360021062     
225,184242,10,20/11/2020,77532,1,3,9,KS400021063     
225,184242,10,20/11/2020,77532,10,3,1.2,KS400021063     
225,184243,10,11/11/2020,81877,0,3,2.4,BS320021066     
225,184259,10,19/11/2020,78862,6,3,8.25,010019745       
225,184260,10,19/11/2020,78862,7,3,15.75,KS230020423     
225,184261,10,18/11/2020,79338,10,3,2.625,KS440019872     
225,184262,10,17/11/2020,78726,4,3,5.04,KD420018931     
225,184262,10,17/11/2020,78727,0,3,5.04,KD420018931     
225,184263,10,17/11/2020,78732,0,3,5.25,KS230019308     
225,184264,10,17/11/2020,78731,10,3,2.525,KS260019590     
225,184265,10,17/11/2020,78731,8,3,2,KD420019933     
225,184265,20,17/11/2020,78731,9,3,2,KS230119933     
225,184267,10,17/11/2020,78723,5,3,19.875,KS230019818     
225,184250,10,19/11/2020,78863,6,3,5.225,KS230019457     
225,184333,10,13/11/2020,79853,6,3,2,BS320021065     
225,184333,20,13/11/2020,79853,7,3,2,KS400016206     
225,184334,10,17/11/2020,78720,2,3,3.125,BS360021064     
225,184251,10,12/11/2020,77452,0,3,4.08,KS290020206     
225,184252,10,09/11/2020,78403,3,3,2.4,KS360020829     
225,184269,10,18/11/2020,79336,5,3,4.35,KS320016978     
225,184269,10,18/11/2020,79336,6,3,1,KS320016978     
225,184270,10,13/11/2020,79855,5,3,3.737,KS320016979     
225,184272,10,09/11/2020,78398,3,3,2.625,KS400017970     
225,184273,10,18/11/2020,79337,2,3,1.5,KS400020401     
225,184354,10,17/11/2020,78731,1,3,4,010021057       
225,184355,10,17/11/2020,78731,2,3,3.2,010021057       
225,184365,10,25/11/2020,78506,1,3,0.66,KS320021068     
225,184278,10,26/11/2020,76887,2,3,1,KS260021019     
225,184335,10,18/11/2020,79337,5,3,3,KS260019813     
225,184337,10,18/11/2020,79337,6,3,3.07,KS260019368     
225,184279,10,18/11/2020,79336,9,3,3,BS400020403     
225,184338,10,18/11/2020,79335,14,3,4.48,010018760       
225,184338,10,18/11/2020,79337,4,3,5.12,010018760       
225,184338,10,18/11/2020,79338,4,3,0.399999999999999,010018760       
225,184657,30,28/11/2020,45873,4,3,1.025,KS320016708     
225,184298,10,23/11/2020,78609,15,3,2.025,120013044       
225,184299,10,17/11/2020,78721,0,3,2.1,KS320019264     
225,184302,10,10/11/2020,81375,0,3,1.62,KD420019412     
225,184302,20,17/11/2020,78726,3,3,0.33,KD420019412     
225,184313,10,23/11/2020,78609,17,3,2,KS360019341     
225,184314,10,27/11/2020,77459,21,3,4.2,KS320020511     
225,184395,10,24/11/2020,76793,5,3,1.75,KS230018905     
225,184395,20,20/11/2020,77530,5,3,1.75,KS230018906     
225,184315,10,10/11/2020,81379,5,3,4.4,KS360020549     
225,184318,10,23/11/2020,78610,0,3,2.75,010019689       
225,184341,10,26/11/2020,76885,0,3,16.95,BS400019410     
225,184341,10,26/11/2020,76888,14,3,8.05,BS400019410     
225,184339,10,27/11/2020,77460,16,3,18.75,BS400019637     
225,184322,10,18/11/2020,79335,4,3,4.4,050017777       
225,184322,10,18/11/2020,79337,9,3,1.1,050017777       
225,184322,20,18/11/2020,79337,10,3,1.56,KS400018135     
225,184447,10,25/11/2020,78500,5,3,7.5,KS400020986     
225,184448,10,25/11/2020,78500,6,3,7.5,KS400020986     
225,184347,10,19/11/2020,78863,0,3,7,KS260021069     
225,184348,10,13/11/2020,79856,2,3,4.2,KS290021070     
225,184305,10,13/11/2020,79857,0,3,4.921,BS360020920     
225,184356,10,18/11/2020,79336,10,3,4,KS260020092     
225,184356,10,18/11/2020,79339,4,3,5,KS260020092     
225,184356,10,18/11/2020,79339,7,3,1,KS260020092     
225,184281,10,09/11/2020,78400,4,3,15,KS320019801     
225,184281,10,09/11/2020,78401,8,3,16.45,KS320019801     
225,184281,10,17/11/2020,78725,6,3,3.625,KS320019801     
225,184281,10,23/11/2020,78610,2,3,3.7,KS320019801     
225,184281,10,23/11/2020,78611,10,3,2.425,KS320019801     
225,184280,10,03/11/2020,82891,4,3,1.275,KS320019887     
225,184280,10,09/11/2020,78397,1,3,11.5,KS320019887     
225,184280,10,09/11/2020,78397,2,3,1.5,KS320019887     
225,184280,10,10/11/2020,81378,2,3,0.775,KS320019887     
225,184280,10,11/11/2020,81880,6,3,0.95,KS320019887     
225,184280,10,11/11/2020,81880,10,3,3.5,KS320019887     
225,184280,10,13/11/2020,79858,0,3,10,KS320019887     
225,184280,10,13/11/2020,79858,3,3,1.375,KS320019887     
225,184280,10,18/11/2020,79336,11,3,8.85,KS320019887     
225,184280,10,18/11/2020,79337,0,3,3.5,KS320019887     
225,184280,10,20/11/2020,77534,2,3,3.5,KS320019887     
225,184280,10,27/11/2020,77459,3,3,1.975,KS320019887     
225,184283,10,10/11/2020,81376,11,3,5.6,080016976       
225,184283,10,10/11/2020,81378,3,3,1.55,080016976       
225,184283,10,11/11/2020,81876,4,3,0.0249999999999992,080016976       
225,184295,10,03/11/2020,82880,5,3,1,KS320020937     
225,184297,10,23/11/2020,78609,10,3,15.5,KS440019378     
225,184472,10,27/11/2020,77461,2,3,2,KS320021073     
225,184284,10,03/11/2020,82891,0,3,0.375,KS320020847     
225,184285,10,06/11/2020,81032,1,3,0.625,020019208       
225,184286,10,05/11/2020,80127,5,3,2.75,030018773       
225,184287,10,10/11/2020,81378,4,3,0.3,020018338       
225,184288,10,06/11/2020,81032,2,3,7.5,220016026       
225,184288,10,06/11/2020,81034,2,3,6.425,220016026       
225,184289,10,11/11/2020,81876,5,3,0.3,KS320017204     
225,184290,10,09/11/2020,78394,2,3,0.45,KS260016769     
225,184291,10,09/11/2020,78400,5,3,3.925,030016151       
225,184292,10,09/11/2020,78397,5,3,1.225,KS320016631     
225,184294,10,11/11/2020,81880,7,3,0.3,KS320020061     
225,184282,10,05/11/2020,80125,8,3,1.8,KS260016047     
225,184449,10,26/11/2020,76888,9,3,0.51,03008661        
225,184352,10,19/11/2020,78860,4,3,3.175,KS290018855     
225,184370,10,17/11/2020,78723,3,3,5.25,KS440019639     
225,184396,10,26/11/2020,76888,4,3,5.25,KS440019872     
225,184398,10,23/11/2020,78615,0,3,5.25,KS440020373     
225,184399,10,23/11/2020,78615,1,3,2.625,KS320019616     
225,184400,10,17/11/2020,78726,5,3,4.1,KD420019615     
225,184400,10,26/11/2020,76888,5,3,1.9,KD420019615     
225,184400,10,26/11/2020,76888,7,3,4.5,KD420019615     
225,184400,20,23/11/2020,78613,3,3,4.5,KD420019615     
225,184402,10,23/11/2020,78613,4,3,6.3,KS290020915     
225,184406,10,26/11/2020,76888,6,3,5.25,KS440020356     
225,184306,10,04/11/2020,82022,0,3,1.65,KS360020082     
225,184306,20,04/11/2020,82022,1,3,2.65,KS360020082     
225,184484,10,24/11/2020,76790,0,3,1,KS230019070     
225,184371,10,24/11/2020,76795,9,3,5.65,010017630       
225,184371,20,24/11/2020,76795,10,3,2.525,010017153       
225,184368,10,25/11/2020,78502,0,3,2.1,KS230019130     
225,184307,10,19/11/2020,78863,7,3,1.2,BS360018722     
225,184308,10,23/11/2020,78609,0,3,1.5,BS360020458     
225,184309,10,26/11/2020,76885,6,3,3.45,KS440020944     
225,184310,10,23/11/2020,78608,10,3,3.15,BS400018294     
225,184353,10,25/11/2020,78500,9,3,1.1,KS610017540     
225,184353,20,25/11/2020,78500,10,3,1.7,KS710016235     
225,184353,20,25/11/2020,78506,0,3,1.75,KS710016235     
225,184353,20,26/11/2020,76883,1,3,2.71,KS710016235     
225,184353,30,26/11/2020,76885,4,3,2.959,KS710016405     
225,184353,40,24/11/2020,76796,6,3,1.125,KS710019007     
225,184359,10,09/11/2020,78395,2,3,1.075,KS320017677     
225,184359,20,09/11/2020,78395,0,3,0.3,KS320017668     
225,184359,20,09/11/2020,78395,3,3,1,KS320017668     
225,184351,10,18/11/2020,79338,2,3,2.08,KS440116777     
225,184351,20,18/11/2020,79338,3,3,2.08,KS320016777     
225,184362,10,10/11/2020,81379,8,3,3.8,KS260020706     
225,184363,10,10/11/2020,81375,2,3,11,KS260018699     
225,184390,10,10/11/2020,81380,0,3,4.5,KS260018698     
225,184390,10,11/11/2020,81874,2,3,10.5,KS260018698     
225,184390,10,11/11/2020,81878,12,3,10.5,KS260018698     
225,184390,10,11/11/2020,81879,5,3,2.918,KS260018698     
225,184364,10,11/11/2020,81879,4,3,2.5,KS260020678     
225,184381,10,24/11/2020,76791,2,3,5,KS320020424     
225,184382,10,25/11/2020,78502,7,3,4.3,KS290020298     
225,184383,10,25/11/2020,78503,0,3,3.175,BS290018937     
225,184385,10,19/11/2020,78863,1,3,4.325,KS290021070     
225,184386,10,25/11/2020,78503,1,3,3.3,KS260020013     
225,184387,10,19/11/2020,78863,2,3,2.835,KD420020911     
225,184388,10,18/11/2020,79338,5,3,4.72,010018760       
225,184388,10,18/11/2020,79338,6,3,3.2,010018760       
225,184388,10,18/11/2020,79339,6,3,2.82,010018760       
225,184388,20,17/11/2020,78724,4,3,3.2,010019485       
225,184388,20,17/11/2020,78725,4,3,1.79999999999999,010019485       
225,184485,10,17/11/2020,78723,6,3,3.25,KS230017706     
225,184367,10,12/11/2020,77453,16,3,6.6,KS400020764     
225,184391,10,12/11/2020,77455,6,3,5,KS260018241     
225,184358,10,17/11/2020,78728,7,3,12.025,KS360020590     
225,184358,10,17/11/2020,78729,10,3,10.5,KS360020590     
225,184358,10,20/11/2020,77532,7,3,12.25,KS360020590     
225,184358,10,23/11/2020,78608,4,3,8.75,KS360020590     
225,184358,10,23/11/2020,78610,5,3,10.5,KS360020590     
225,184358,20,06/11/2020,81031,3,3,10.875,KS320020614     
225,184358,30,17/11/2020,78718,1,3,7,KS360020615     
225,184358,50,10/11/2020,81378,11,3,3.6,040110551       
225,184358,50,11/11/2020,81873,0,3,4.075,040110551       
225,184358,60,05/11/2020,80126,1,3,11.25,KS360020588     
225,184358,60,09/11/2020,78393,0,3,3.65,KS360020588     
225,184358,60,09/11/2020,78399,2,3,11.25,KS360020588     
225,184358,60,09/11/2020,78400,0,3,11.25,KS360020588     
225,184358,60,09/11/2020,78400,8,3,4.5,KS360020588     
225,184358,60,09/11/2020,78401,6,3,9,KS360020588     
225,184358,60,12/11/2020,77455,4,3,4.95,KS360020588     
225,184358,60,18/11/2020,79335,0,3,9,KS360020588     
225,184358,60,18/11/2020,79335,12,3,6.75,KS360020588     
225,184358,60,18/11/2020,79338,0,3,6.75,KS360020588     
225,184358,60,19/11/2020,78859,0,3,4.5,KS360020588     
225,184358,60,19/11/2020,78862,1,3,18,KS360020588     
225,184358,60,19/11/2020,78864,3,3,17.55,KS360020588     
225,184358,60,20/11/2020,77532,8,3,4.5,KS360020588     
225,184358,60,23/11/2020,78614,4,3,10.5,KS360020588     
225,184358,60,24/11/2020,76792,3,3,4.5,KS360020588     
225,184358,60,24/11/2020,76795,3,3,2.25,KS360020588     
225,184358,60,26/11/2020,76886,0,3,6.75,KS360020588     
225,184358,60,26/11/2020,76888,2,3,9,KS360020588     
225,184358,60,26/11/2020,76889,5,3,6.75,KS360020588     
225,184358,60,27/11/2020,77460,2,3,18,KS360020588     
225,184358,60,27/11/2020,77460,8,3,6.75,KS360020588     
225,184358,60,27/11/2020,77461,0,3,13.5,KS360020588     
225,184358,60,28/11/2020,45872,6,3,9,KS360020588     
225,184358,70,09/11/2020,78393,2,3,24,KS320020593     
225,184358,70,09/11/2020,78399,3,3,6,KS320020593     
225,184358,70,10/11/2020,81377,9,3,7.675,KS320020593     
225,184358,70,12/11/2020,77453,0,3,10,KS320020593     
225,184358,70,13/11/2020,79854,5,3,2,KS320020593     
225,184358,70,18/11/2020,79335,1,3,2,KS320020593     
225,184358,70,23/11/2020,78610,6,3,6,KS320020593     
225,184358,70,27/11/2020,77460,12,3,6,KS320020593     
225,184358,70,28/11/2020,45873,5,3,6,KS320020593     
225,184358,80,12/11/2020,77455,5,3,5.25,KS360020591     
225,184358,80,19/11/2020,78860,5,3,3.5,KS360020591     
225,184358,80,19/11/2020,78862,14,3,2.2,KS360020591     
225,184358,80,24/11/2020,76795,4,3,3.5,KS360020591     
225,184358,80,25/11/2020,78500,3,3,14,KS360020591     
225,184358,80,25/11/2020,78501,18,3,12.25,KS360020591     
225,184358,80,25/11/2020,78506,3,3,3.275,KS360020591     
225,184358,90,03/11/2020,82888,7,3,13.568,KS360020589     
225,184358,90,06/11/2020,81034,0,3,3,KS360020589     
225,184358,90,06/11/2020,81034,4,3,16.5,KS360020589     
225,184358,90,06/11/2020,81038,7,3,18,KS360020589     
225,184358,90,06/11/2020,81038,13,3,21,KS360020589     
225,184358,90,09/11/2020,78393,1,3,15,KS360020589     
225,184358,90,11/11/2020,81880,14,3,15,KS360020589     
225,184358,90,12/11/2020,77451,6,3,9,KS360020589     
225,184358,90,12/11/2020,77453,1,3,1.5,KS360020589     
225,184358,90,12/11/2020,77453,11,3,7.5,KS360020589     
225,184358,90,17/11/2020,78724,0,3,18,KS360020589     
225,184358,90,17/11/2020,78724,3,3,7.5,KS360020589     
225,184358,90,17/11/2020,78728,8,3,4.5,KS360020589     
225,184358,90,17/11/2020,78729,11,3,6,KS360020589     
225,184358,90,17/11/2020,78730,8,3,4.5,KS360020589     
225,184358,90,24/11/2020,76791,4,3,18,KS360020589     
225,184358,90,24/11/2020,76792,0,3,18,KS360020589     
225,184358,90,24/11/2020,76795,5,3,4.725,KS360020589     
225,184358,90,25/11/2020,78500,4,3,4.5,KS360020589     
225,184358,90,25/11/2020,78502,4,3,1.5,KS360020589     
225,184358,90,25/11/2020,78503,3,3,1.5,KS360020589     
225,184358,90,25/11/2020,78506,4,3,10.175,KS360020589     
225,184358,90,27/11/2020,77460,9,3,13.5,KS360020589     
225,184358,90,27/11/2020,77460,13,3,7.5,KS360020589     
225,184358,90,27/11/2020,77461,1,3,9,KS360020589     
225,184358,90,27/11/2020,77461,5,3,15,KS360020589     
225,184358,90,28/11/2020,45872,7,3,12,KS360020589     
225,184358,100,06/11/2020,81031,1,3,11,KS360020592     
225,184358,100,06/11/2020,81031,4,3,9,KS360020592     
225,184358,100,06/11/2020,81032,3,3,10,KS360020592     
225,184358,100,12/11/2020,77456,4,3,16.5,KS360020592     
225,184358,100,13/11/2020,79853,0,3,21,KS360020592     
225,184358,100,13/11/2020,79853,1,3,18,KS360020592     
225,184358,100,13/11/2020,79854,6,3,7.5,KS360020592     
225,184358,100,18/11/2020,79335,2,3,1.5,KS360020592     
225,184358,100,18/11/2020,79335,13,3,10.5,KS360020592     
225,184358,100,18/11/2020,79337,3,3,18,KS360020592     
225,184358,100,18/11/2020,79338,1,3,13.5,KS360020592     
225,184358,100,19/11/2020,78862,15,3,6,KS360020592     
225,184358,100,23/11/2020,78615,2,3,9,KS360020592     
225,184358,100,24/11/2020,76792,4,3,18,KS360020592     
225,184358,100,27/11/2020,77460,14,3,0.925,KS360020592     
225,184358,110,04/11/2020,82021,2,3,15,KS320020594     
225,184358,110,04/11/2020,82021,10,3,15,KS320020594     
225,184358,110,04/11/2020,82022,3,3,15,KS320020594     
225,184358,110,04/11/2020,82025,7,3,14.82,KS320020594     
225,184358,110,05/11/2020,80126,2,3,5,KS320020594     
225,184358,110,10/11/2020,81375,8,3,12.5,KS320020594     
225,184358,110,17/11/2020,78717,5,3,15,KS320020594     
225,184358,110,17/11/2020,78718,2,3,10,KS320020594     
225,184358,110,17/11/2020,78718,5,3,15,KS320020594     
225,184358,110,17/11/2020,78718,10,3,9.025,KS320020594     
225,184358,110,19/11/2020,78860,6,3,3.75,KS320020594     
225,184358,110,19/11/2020,78861,3,3,2.5,KS320020594     
225,184358,110,19/11/2020,78862,2,3,2.5,KS320020594     
225,184358,110,19/11/2020,78862,16,3,2.5,KS320020594     
225,184358,110,19/11/2020,78864,4,3,2.5,KS320020594     
225,184358,110,20/11/2020,77533,1,3,10,KS320020594     
225,184358,110,26/11/2020,76889,6,3,5,KS320020594     
225,184358,110,27/11/2020,77458,6,3,15,KS320020594     
225,184358,110,27/11/2020,77459,1,3,15,KS320020594     
225,184358,110,27/11/2020,77460,3,3,5,KS320020594     
225,184358,110,27/11/2020,77460,15,3,2.898,KS320020594     
225,184358,120,03/11/2020,82888,8,3,0.35,KS320020595     
225,184358,120,18/11/2020,79335,3,3,4,KS320020595     
225,184358,120,23/11/2020,78608,5,3,5,KS320020595     
225,184358,130,03/11/2020,82888,9,3,3,KS360020617     
225,184358,130,06/11/2020,81031,2,3,6,KS360020617     
225,184358,130,06/11/2020,81032,4,3,5,KS360020617     
225,184358,130,12/11/2020,77451,3,3,14.65,KS360020617     
225,184358,130,19/11/2020,78861,4,3,12,KS360020617     
225,184358,130,19/11/2020,78862,17,3,6,KS360020617     
225,184358,130,19/11/2020,78864,5,3,2.1,KS360020617     
225,184358,130,24/11/2020,76795,6,3,2.7,KS360020617     
225,184358,130,26/11/2020,76887,0,3,13.5,KS360020617     
225,184358,130,28/11/2020,45873,6,3,8.425,KS360020617     
225,184358,140,12/11/2020,77451,4,3,5,KS320020661     
225,184358,140,12/11/2020,77453,2,3,1.25,KS320020661     
225,184358,140,12/11/2020,77453,12,3,4.8,KS320020661     
225,184358,140,19/11/2020,78859,1,3,10,KS320020661     
225,184358,140,19/11/2020,78860,7,3,5.7,KS320020661     
225,184358,150,10/11/2020,81378,12,3,3.6,040010551       
225,184358,150,11/11/2020,81874,0,3,4.075,040010551       
225,184358,160,10/11/2020,81378,13,3,21.6,030210551       
225,184358,160,11/11/2020,81874,1,3,24.45,030210551       
225,184360,10,05/11/2020,80127,6,3,54.45,KS360020588     
225,184360,10,05/11/2020,80128,12,3,2.475,KS360020588     
225,184360,10,09/11/2020,78398,9,3,9.9,KS360020588     
225,184360,10,10/11/2020,81376,2,3,4.95,KS360020588     
225,184360,10,11/11/2020,81876,11,3,4.95,KS360020588     
225,184360,10,12/11/2020,77453,7,3,7.425,KS360020588     
225,184360,10,12/11/2020,77456,9,3,8,KS360020588     
225,184360,10,20/11/2020,77530,6,3,9.9,KS360020588     
225,184360,10,20/11/2020,77532,3,3,12.375,KS360020588     
225,184360,10,23/11/2020,78609,1,3,4.575,KS360020588     
225,184360,10,23/11/2020,78615,5,3,14.85,KS360020588     
225,184360,10,24/11/2020,76792,1,3,37.125,KS360020588     
225,184360,10,24/11/2020,76793,6,3,14.85,KS360020588     
225,184360,10,24/11/2020,76796,1,3,14.85,KS360020588     
225,184360,10,25/11/2020,78504,2,3,12.375,KS360020588     
225,184360,10,27/11/2020,77459,15,3,2.475,KS360020588     
225,184360,20,09/11/2020,78398,10,3,4.4,KS320020593     
225,184360,20,18/11/2020,79339,11,3,13.2,KS320020593     
225,184360,20,19/11/2020,78860,8,3,19.8,KS320020593     
225,184360,20,20/11/2020,77532,4,3,4.4,KS320020593     
225,184360,20,23/11/2020,78609,2,3,4.5,KS320020593     
225,184360,30,11/11/2020,81876,12,3,26.4,KS360020590     
225,184360,30,11/11/2020,81880,1,3,35.2,KS360020590     
225,184360,30,17/11/2020,78729,4,3,8.8,KS360020590     
225,184360,30,25/11/2020,78504,3,3,8.8,KS360020590     
225,184360,30,27/11/2020,77459,16,3,2.2,KS360020590     
225,184360,40,05/11/2020,80128,13,3,22,KS360020589     
225,184360,40,09/11/2020,78398,11,3,8.8,KS360020589     
225,184360,40,11/11/2020,81878,15,3,48.4,KS360020589     
225,184360,40,11/11/2020,81880,2,3,17.6,KS360020589     
225,184360,40,12/11/2020,77452,8,3,6.6,KS360020589     
225,184360,40,17/11/2020,78729,5,3,8.54,KS360020589     
225,184360,40,23/11/2020,78611,0,3,14.2,KS360020589     
225,184360,40,23/11/2020,78615,6,3,13.2,KS360020589     
225,184360,40,24/11/2020,76792,2,3,11,KS360020589     
225,184360,40,24/11/2020,76793,7,3,26.4,KS360020589     
225,184360,50,12/11/2020,77453,8,3,24.2,KS360020591     
225,184360,50,13/11/2020,79854,0,3,2.2,KS360020591     
225,184360,50,13/11/2020,79858,4,3,6.6,KS360020591     
225,184360,50,27/11/2020,77459,17,3,11,KS360020591     
225,184360,60,06/11/2020,81038,3,3,17.6,KS360020592     
225,184360,60,09/11/2020,78398,12,3,4.4,KS360020592     
225,184360,60,13/11/2020,79854,1,3,35.125,KS360020592     
225,184360,60,18/11/2020,79339,12,3,26.4,KS360020592     
225,184360,60,19/11/2020,78860,9,3,27.875,KS360020592     
225,184360,60,23/11/2020,78609,3,3,4.4,KS360020592     
225,184360,60,23/11/2020,78611,1,3,17.6,KS360020592     
225,184360,60,23/11/2020,78615,7,3,22,KS360020592     
225,184360,60,24/11/2020,76793,8,3,8.8,KS360020592     
225,184360,60,24/11/2020,76796,2,3,13.2,KS360020592     
225,184360,60,27/11/2020,77459,18,3,13,KS360020592     
225,184360,70,20/11/2020,77532,5,3,16.075,KS320020594     
225,184360,70,23/11/2020,78609,4,3,2.75,KS320020594     
225,184360,70,27/11/2020,77459,19,3,9.625,KS320020594     
225,184360,80,17/11/2020,78733,3,3,8.8,KS320020595     
225,184360,80,23/11/2020,78609,5,3,4.2,KS320020595     
225,184360,90,05/11/2020,80128,14,3,42.9,KS360020630     
225,184360,90,06/11/2020,81038,4,3,39.425,KS360020630     
225,184360,90,17/11/2020,78722,3,3,35.1,KS360020630     
225,184360,90,17/11/2020,78733,4,3,15.6,KS360020630     
225,184486,10,24/11/2020,76794,1,3,2.963,KS230019710     
225,184474,10,26/11/2020,76888,10,3,0.525,030011421       
225,184474,30,26/11/2020,76888,11,3,1.07,03008666        
225,184458,10,17/11/2020,78718,4,3,25,010015696       
225,184459,10,17/11/2020,78723,7,3,25,010015474       
225,184454,10,27/11/2020,77460,10,3,1.05,KS230020192     
225,184454,20,27/11/2020,77460,11,3,1.1,KS230020194     
225,184436,10,20/11/2020,77533,7,3,5.1,KS400015058     
225,184436,20,23/11/2020,78610,4,3,10,KS400014885     
225,184436,20,23/11/2020,78613,1,3,6.025,KS400014885     
225,184437,10,25/11/2020,78505,1,3,5.25,KS400019055     
225,184433,10,19/11/2020,78863,9,3,4.975,KS290019750     
225,184438,10,19/11/2020,78863,8,3,9.02,KS360019632     
225,184444,10,28/11/2020,45872,5,3,0.625,KS290020970     
225,184440,10,27/11/2020,77458,7,3,3.3,KS230017645     
225,184440,30,27/11/2020,77458,8,3,3.075,010016862       
225,184478,10,13/11/2020,79853,8,3,4.15,KS290120631     
225,184478,20,13/11/2020,79853,9,3,4.15,KS320020631     
225,184441,10,24/11/2020,76794,9,3,4.4,KS320021050     
225,184450,10,17/11/2020,78721,2,3,1.56,KS230021026     
225,184450,20,17/11/2020,78721,3,3,8.4,KS230021025     
225,184450,30,17/11/2020,78721,4,3,2.92,KS230021027     
225,184442,10,18/11/2020,79334,0,3,6.6,KS400021078     
225,184443,10,17/11/2020,78732,3,3,2.2,KD420016612     
225,184443,20,19/11/2020,78863,3,3,9,KD420016605     
225,184443,30,27/11/2020,77461,3,3,10,KD420016605     
225,184443,40,18/11/2020,79336,8,3,4.07,KD480019731     
225,184451,10,17/11/2020,78732,4,3,1.175,KD480020968     
225,184451,20,17/11/2020,78732,5,3,1.12,KD480016590     
225,184451,20,17/11/2020,78732,6,3,4.863,KD480016590     
225,184451,40,19/11/2020,78860,14,3,2.8,KD480020263     
225,184451,40,23/11/2020,78608,6,3,2.38,KD480020263     
225,184451,50,17/11/2020,78730,4,3,1.27,KD480016602     
225,184451,60,17/11/2020,78730,5,3,1.847,KD480018553     
225,184453,10,19/11/2020,78861,0,3,1.208,KD480019475     
225,184453,40,27/11/2020,77461,4,3,3.117,KD480019475     
225,184464,10,23/11/2020,78608,7,3,2.66,KD480016600     
225,184464,30,17/11/2020,78730,6,3,2.155,KD480016713     
225,184465,10,26/11/2020,76888,8,3,5.25,KS440021004     
225,184461,10,27/11/2020,77460,5,3,20.875,KS260018700     
225,184468,10,25/11/2020,78505,10,3,5,KS290020323     
225,184470,10,28/11/2020,45874,0,3,1.05,KS230019483     
225,184503,10,23/11/2020,78612,3,3,3.4,KS290021079     
225,184503,10,23/11/2020,78612,4,3,9.3,KS290021079     
225,184471,10,26/11/2020,76884,3,3,2,110015899       
225,184479,10,23/11/2020,78612,6,3,8.4,KS260018240     
225,184479,10,23/11/2020,78612,7,3,8.4,KS260018240     
225,184479,10,25/11/2020,78502,3,3,9.6,KS260018240     
225,184479,10,26/11/2020,76883,5,3,1.15,KS260018240     
225,184487,10,17/11/2020,78727,2,3,4.4,KS320021059     
225,184487,20,17/11/2020,78727,3,3,1.8,KS320021060     
225,184456,10,11/11/2020,81879,6,3,15,030019843       
225,184456,10,11/11/2020,81879,7,3,15,030019843       
225,184456,10,11/11/2020,81880,4,3,13.125,030019843       
225,184456,10,13/11/2020,79851,5,3,13.125,030019843       
225,184456,10,13/11/2020,79851,6,3,16.875,030019843       
225,184456,10,13/11/2020,79858,1,3,4.25,030019843       
225,184456,10,17/11/2020,78731,6,3,15,030019843       
225,184456,10,17/11/2020,78731,7,3,15,030019843       
225,184456,10,18/11/2020,79335,5,3,12.625,030019843       
225,184456,10,18/11/2020,79335,6,3,13.125,030019843       
225,184456,10,18/11/2020,79335,7,3,13.125,030019843       
225,184456,10,19/11/2020,78860,1,3,15,030019843       
225,184456,10,19/11/2020,78863,10,3,16.875,030019843       
225,184456,10,19/11/2020,78864,0,3,13.125,030019843       
225,184456,10,23/11/2020,78608,2,3,14.75,030019843       
225,184404,10,11/11/2020,81876,7,3,0.725,KS320017204     
225,184405,10,09/11/2020,78395,1,3,1.5,KS320019833     
225,184405,10,17/11/2020,78719,8,3,1.75,KS320019833     
225,184405,10,17/11/2020,78719,10,3,1.225,KS320019833     
225,184408,10,10/11/2020,81378,5,3,1.75,KS320020834     
225,184409,10,10/11/2020,81377,5,3,1,KS260015931     
225,184410,10,10/11/2020,81376,12,3,1,KS320018935     
225,184411,10,10/11/2020,81378,6,3,2.45,060017217       
225,184412,10,10/11/2020,81377,6,3,0.3,KS230017607     
225,184457,10,10/11/2020,81378,10,3,0.525,KS260020052     
225,184413,10,10/11/2020,81378,7,3,1.55,030017717       
225,184414,10,10/11/2020,81378,8,3,3.325,080017260       
225,184415,10,10/11/2020,81378,9,3,1.3,030016466       
225,184416,10,11/11/2020,81880,8,3,1,KS260017472     
225,184417,10,13/11/2020,79852,2,3,1.825,030016123       
225,184418,10,17/11/2020,78719,1,3,7.125,KS320017039     
225,184419,10,17/11/2020,78719,2,3,1.225,KS320019974     
225,184421,10,25/11/2020,78506,6,3,14,KS290016140     
225,184421,10,25/11/2020,78506,8,3,4.5,KS290016140     
225,184423,10,20/11/2020,77534,3,3,3.8,KS320018774     
225,184425,10,20/11/2020,77533,8,3,11.7,060019844       
225,184425,10,20/11/2020,77533,9,3,13.2999999999999,060019844       
225,184426,10,17/11/2020,78719,9,3,9.275,KS320020795     
225,184427,10,17/11/2020,78719,3,3,9.275,KS320020796     
225,184428,10,19/11/2020,78861,6,3,11.6,030016163       
225,184430,10,20/11/2020,77529,4,3,0.325,KS260017340     
225,184431,10,20/11/2020,77529,5,3,1.45,030016088       
225,184432,10,20/11/2020,77530,0,3,0.3,KS290017525     
225,184488,10,19/11/2020,78864,2,3,3.45,BS230016860     
225,184490,10,25/11/2020,78502,1,3,3.15,KS230018988     
225,184491,10,23/11/2020,78614,7,3,1.475,KS230016865     
225,184530,10,18/11/2020,79336,7,3,5,KS320016978     
225,184505,10,24/11/2020,76791,0,3,1.1,030014812       
225,184506,10,17/11/2020,78720,1,3,4,KS230016934     
225,184497,10,20/11/2020,77531,7,3,5.45,BS360020649     
225,184498,10,20/11/2020,77532,0,3,2.5,KS400019836     
225,184500,10,23/11/2020,78608,11,3,1.2,BS360021067     
225,184499,10,23/11/2020,78608,9,3,3.6,BS360020794     
225,184508,10,23/11/2020,78612,8,3,25,010015474       
225,184509,10,23/11/2020,78613,0,3,25,010015696       
225,184511,10,10/11/2020,81377,15,3,0.29,BS290017404     
225,184515,10,17/11/2020,78718,6,3,15.6,010015814       
225,184517,10,25/11/2020,78503,2,3,4.325,KS290017869     
225,184523,10,25/11/2020,78501,9,3,3,BS400020403     
225,184524,10,25/11/2020,78502,2,3,5.25,KS230021025     
225,184524,20,23/11/2020,78616,4,3,4.2,KS230021026     
225,184502,10,24/11/2020,76792,5,3,3.15,02006845        
225,184531,20,23/11/2020,78614,5,3,5,KS550020869     
225,184532,10,25/11/2020,78505,4,3,5.25,KD420018931     
225,184527,10,20/11/2020,77529,2,3,11.16,KD480020647     
225,184548,10,23/11/2020,78610,10,3,1.25,050019747       
225,184563,10,23/11/2020,78613,9,3,2,KS440019258     
225,184554,10,19/11/2020,78861,1,3,1.067,KD480020841     
225,184557,10,12/11/2020,77454,3,3,10.244,KS320020005     
225,184565,10,25/11/2020,78500,8,3,9.225,KS290018430     
225,184568,10,17/11/2020,78726,2,3,12.575,040016002       
225,184569,10,25/11/2020,78506,2,3,24.75,040014702       
225,184569,10,26/11/2020,76883,0,3,27,040014702       
225,184569,10,26/11/2020,76883,4,3,27,040014702       
225,184569,10,26/11/2020,76888,3,3,12.285,040014702       
225,184572,10,13/11/2020,79852,3,3,3.3,KS320019887     
225,184572,10,19/11/2020,78861,7,3,5,KS320019887     
225,184572,10,23/11/2020,78611,3,3,1.6,KS320019887     
225,184572,10,23/11/2020,78611,8,3,6.6,KS320019887     
225,184572,10,27/11/2020,77462,0,3,6.6,KS320019887     
225,184573,10,19/11/2020,78861,8,3,23.7,KS320019887     
225,184574,10,23/11/2020,78611,13,3,10.375,KS320019887     
225,184575,10,19/11/2020,78861,9,3,2.6,KS320019887     
225,184576,10,20/11/2020,77534,4,3,0.825,KS320019887     
225,184578,10,13/11/2020,79852,4,3,3.3,KS320019801     
225,184578,10,23/11/2020,78610,1,3,8.3,KS320019801     
225,184578,10,23/11/2020,78610,3,3,21,KS320019801     
225,184578,10,23/11/2020,78611,4,3,2.225,KS320019801     
225,184578,10,23/11/2020,78611,9,3,9.425,KS320019801     
225,184578,10,23/11/2020,78615,8,3,0.8,KS320019801     
225,184578,10,27/11/2020,77459,4,3,4.1,KS320019801     
225,184578,10,27/11/2020,77462,1,3,6.6,KS320019801     
225,184579,10,19/11/2020,78861,10,3,2.55,KS320019833     
225,184580,10,18/11/2020,79336,13,3,1.225,KS320017039     
225,184581,10,24/11/2020,76794,2,3,1.05,KS320018774     
225,184582,10,17/11/2020,78726,0,3,1.25,KS320019907     
225,184582,10,17/11/2020,78726,1,3,4.675,KS320019907     
225,184582,10,19/11/2020,78863,11,3,9.625,KS320019907     
225,184582,10,23/11/2020,78612,0,3,10.975,KS320019907     
225,184583,10,18/11/2020,79336,14,3,1.8,KS260015958     
225,184603,10,13/11/2020,79858,2,3,1.35,KS320019831     
225,184584,10,20/11/2020,77534,0,3,1.5,KS320019854     
225,184584,10,23/11/2020,78608,3,3,8.675,KS320019854     
225,184586,10,24/11/2020,76794,3,3,0.675,240016339       
225,184586,10,26/11/2020,76884,5,3,0.324999999999999,240016339       
225,184587,10,19/11/2020,78861,11,3,2.75,KS290016243     
225,184588,10,23/11/2020,78614,3,3,1,030019134       
225,184588,20,23/11/2020,78611,5,3,1,030019132       
225,184589,10,19/11/2020,78861,12,3,1,KS320017219     
225,184609,10,19/11/2020,78861,13,3,1.8,030016124       
225,184609,20,25/11/2020,78506,9,3,2.725,030015908       
225,184609,40,23/11/2020,78611,7,3,1.85,030016180       
225,184590,10,19/11/2020,78860,2,3,5.675,KS320020683     
225,184591,10,19/11/2020,78863,12,3,0.3,KS320019838     
225,184595,10,20/11/2020,77534,5,3,0.75,020016741       
225,184596,10,27/11/2020,77462,2,3,0.3,KS320017618     
225,184597,10,23/11/2020,78611,6,3,0.3,KS260019886     
225,184598,10,23/11/2020,78612,1,3,1.075,030017879       
225,184599,10,25/11/2020,78500,0,3,6,KS320018276     
225,184600,10,23/11/2020,78612,2,3,3.9,060017358       
225,184612,10,23/11/2020,78610,11,3,1.15,BS320021084     
225,184612,20,23/11/2020,78610,12,3,1.15,BS320021085     
225,184604,10,26/11/2020,76888,12,3,0.525,030011425       
225,184610,10,27/11/2020,77460,0,3,1.7,KS320021088     
225,184611,10,27/11/2020,77460,1,3,1,KS400021087     
225,184626,10,26/11/2020,76884,2,3,0.51,KD420018928     
225,184645,10,20/11/2020,77533,2,3,5.925,210010638       
225,184645,20,24/11/2020,76795,7,3,4.325,210010637       
225,184645,30,26/11/2020,76889,7,3,0.616,030015136       
225,184647,10,26/11/2020,76889,0,3,8.85,KS320021091     
225,184647,20,24/11/2020,76794,4,3,9.025,KS320021092     
225,184639,10,24/11/2020,76794,10,3,2.2,KS320021050     
225,184634,10,27/11/2020,77458,5,3,2.875,KS290020197     
225,184644,10,24/11/2020,76791,3,3,1.5,KD480020240     
225,184664,10,27/11/2020,77459,14,3,1.03,KS320018995     
225,184660,10,20/11/2020,77531,4,3,2,BS400020690     
225,184666,10,25/11/2020,78501,13,3,2,KS320018801     
225,184666,20,26/11/2020,76884,8,3,2,KS400020581     
225,184666,30,25/11/2020,78501,14,3,2,KS320018780     
225,184666,40,25/11/2020,78501,15,3,2,KS320019778     
225,184666,50,25/11/2020,78501,16,3,2,KS320018782     
225,184702,10,26/11/2020,76884,9,3,2,KS320018802     
225,184662,10,26/11/2020,76885,1,3,2,KS320018401     
225,184669,10,26/11/2020,76885,2,3,1.5,KS440020956     
225,184672,10,26/11/2020,76885,5,3,6.6,030019487       
225,184703,10,25/11/2020,78502,5,3,5.094,KS400021094     
225,184703,20,25/11/2020,78502,6,3,5.35,KS400021095     
225,184703,30,28/11/2020,45873,7,3,5.5,KS400021093     
225,184675,10,23/11/2020,78613,7,3,18,030019843       
225,184675,10,24/11/2020,76796,7,3,15,030019843       
225,184675,10,24/11/2020,76796,8,3,6,030019843       
225,184675,10,25/11/2020,78500,1,3,7.125,030019843       
225,184675,10,26/11/2020,76884,6,3,16.875,030019843       
225,184675,10,27/11/2020,77459,5,3,3.75,030019843       
225,184675,10,27/11/2020,77462,3,3,2.5,030019843       
225,184675,10,27/11/2020,77462,4,3,13.125,030019843       
225,184676,10,25/11/2020,78506,10,3,6.325,KS290016140     
225,184693,10,26/11/2020,76889,2,3,5.9,060019844       
225,184677,10,20/11/2020,77530,2,3,1.15,KS320019887     
225,184677,10,23/11/2020,78615,10,3,2.2,KS320019887     
225,184677,10,27/11/2020,77459,6,3,5.625,KS320019887     
225,184678,10,23/11/2020,78616,0,3,2.825,KS320019907     
225,184694,10,23/11/2020,78616,2,3,1,KS320018774     
225,184680,10,26/11/2020,76889,1,3,1,060017358       
225,184679,10,23/11/2020,78616,1,3,3.375,KS320017357     
225,184679,10,24/11/2020,76794,5,3,0.25,KS320017357     
225,184696,10,26/11/2020,76889,3,3,0.3,030016019       
225,184696,20,25/11/2020,78504,1,3,2,030016441       
225,184681,10,25/11/2020,78500,2,3,0.3,020017634       
225,184682,10,24/11/2020,76794,6,3,0.3,KS320017533     
225,184751,10,26/11/2020,76885,3,3,1.896,KS290020294     
225,184759,10,25/11/2020,78503,6,3,7.275,KS260018161     
225,184743,10,25/11/2020,78503,5,3,2.55,KS320018162     
225,184760,10,23/11/2020,78615,3,3,8.1,KS360017821     
225,184801,10,25/11/2020,78505,3,3,7.5,KS360017821