Compania,Cliente,SaldoOrden,SaldoFactura
225,    14,0,0
225,    15,57628.8,-57628.8
225,    16,0,0
225,    17,0,0
225,    18,0,0
225,    19,-4.54747350886464E-13,3.29396249859614E-11
225,    20,0,-1.76214598468504E-12
225,    21,0,0
225,    22,0,0
225,    23,-5.82076609134674E-11,1.60798648701776E-11
225,    24,0,0
225,    25,0,0
225,    26,0,0
225,    27,0,0
225,    28,-4.54747350886464E-13,0
225,    29,0,0
225,    30,0,3.63797880709171E-12
225,    31,0,0
225,    32,0,0
225,    33,0,0
225,    34,0,0
225,    35,0,0
225,    36,0,0
225,    37,0,0
225,    38,0,0
225,    39,0,0
225,    40,0,0
225,    41,0,0
225,    42,0,0
225,    43,0,0
225,    44,13414319.1299999,12317437.15
225,    45,-1.93267624126747E-12,0
225,    46,0,0
225,    47,0,0
225,    48,0,0
225,    49,0,0
225,    50,0,-5.23868969037888E-12
225,    51,111953.359999999,396404.69
225,    52,0,0
225,    53,-1.81898940354585E-12,0
225,    54,0,0
225,    55,0,0
225,    56,0,0
225,    57,0,0
225,    58,-9.09494701772928E-13,0
225,    59,0,0
225,    60,0,0
225,    61,0,0
225,    62,0,0
225,    63,0,3.41060513164848E-12
225,    64,0,0
225,    65,0,1.28164145962728E-12
225,    66,0,0
225,    67,0,0
225,    68,0,0
225,    69,-2.27373675443232E-12,0
225,    70,0,0
225,    71,0,0
225,    72,0,0
225,    73,0,0
225,    74,0,0
225,    75,0,0
225,    76,0,0
225,    77,0,0
225,    78,0,0
225,    79,0,0
225,    80,0,8.18545231595635E-12
225,    81,-1.81898940354585E-12,0
225,    82,0,0
225,    83,0,0
225,    84,0,0
225,    85,1.77635683940025E-15,-5.286448362396E-13
225,    86,0,0
225,    87,-2.50111042987555E-11,0
225,    88,0,0
225,    89,0,0
225,    90,0,-5.45696821063756E-12
225,    91,0,0
225,    92,0,0
225,    93,0,0
225,    94,0,0
225,    95,0,0
225,    96,0,0
225,    97,0,0
225,    98,-1.36424205265939E-12,0
225,    99,1.81898940354585E-12,0
225,   100,0,0
225,   101,-1.45519152283668E-11,0
225,   102,0,0
225,   103,-1.45519152283668E-11,0
225,   104,0,0
225,   105,0,0
225,   106,0,0
225,   107,-2.27373675443232E-13,0
225,   108,-2.54658516496419E-11,0
225,   109,0,1.81898940354585E-12
225,   110,0,0
225,   111,0,0
225,   112,0,0
225,   113,0,0
225,   114,0,0
225,   115,0,0
225,   116,0,0
225,   117,0,-2.17027958104853E-12
225,   118,0,-1.39664321774368E-12
225,   119,0,0
225,   120,0,0
225,   121,1.22213350550737E-12,4.54747350886464E-13
225,   122,0,0
225,   123,0,0
225,   124,0,0
225,   125,0,0
225,   126,0,0
225,   127,0,0
225,   128,0,9.09494701772928E-13
225,   129,-1.81898940354585E-12,0
225,   130,0,0
225,   131,-1.36424205265939E-12,0
225,   132,0,0
225,   133,-1.81898940354585E-11,1.09139364212751E-11
225,   134,0,0
225,   135,9.09494701772928E-12,0
225,   136,-5.18411980010569E-11,0
225,   137,0,0
225,   138,1057243.80999999,1673590.98
225,   139,-5.45696821063756E-12,0
225,   140,0,0
225,   141,0,0
225,   142,0,0
225,   143,0,-1.60071088328717E-12
225,   144,1.45519152283668E-11,0
225,   145,0,0
225,   146,0,0
225,   147,-0.020000000001664,-1.4125645098062E-12
225,   148,4.54747350886464E-13,0
225,   149,0,1.45550238528358E-13
225,   150,4.54747350886464E-12,0
225,   151,0,0
225,   152,0,0
225,   153,-1.25055521493777E-12,0
225,   154,0,0
225,   155,-7.95807864051312E-12,-3.63797880709171E-12
225,   156,0,0
225,   157,0,0
225,   158,0,3.75168646149504E-14
225,   159,0,0
225,   160,0,0
225,   161,0,0
225,   162,47029.9200000001,120267.47
225,   163,0,0
225,   164,2.72848410531878E-12,0
225,   165,0,0
225,   166,0,0
225,   167,0,-3.30402372128446E-13
225,   168,0,0
225,   169,0,0
225,   170,1.45519152283668E-11,0
225,   171,0,0
225,   172,0,0
225,   173,0,2.27373675443232E-13
225,   174,3.63797880709171E-12,-1.80761655643735E-13
225,   175,-5.6843418860808E-12,0
225,   176,0,0
225,   177,0,0
225,   178,0,0
225,   179,0,0
225,   180,0,0
225,   181,0,0
225,   182,0,0
225,   183,5.63886715099215E-11,9.09494701772928E-13
225,   184,0,0
225,   185,0,0
225,   186,0,0
225,   187,7.28306304154102E-14,0
225,   188,3.63797880709171E-12,1.04038444526111E-11
225,   189,7.27595761418342E-12,0
225,   190,0,5.67524673089625E-12
225,   191,0,0
225,   192,0,-3.24149596053757E-11
225,   193,-1.36424205265939E-12,0
225,   194,0,0
225,   195,0,0
225,   196,7.27595761418342E-12,0
225,   197,0,0
225,   198,0,-3.44613226843648E-13
225,   199,224607.749999999,170140.32
225,   200,0,-1.31723260771154E-11
225,   201,-704.470000000002,2.29420038522221E-10
225,   203,13649.3199999999,1.67915459314826E-10
225,   204,0,-4.54747350886464E-13
225,   205,-1.09139364212751E-11,3.73256633934282E-11
225,   206,0,0
225,   207,200763.839999997,479268.17
225,   208,1.81898940354585E-12,2.04636307898908E-12
225,   209,-1.81898940354585E-12,0
225,   210,-0.00999999998384737,7.89449061677771E-12
225,   211,-4.46789272245951E-11,3.18323145620524E-12
225,   212,0,0
225,   213,0,0
225,   214,0,0
225,   215,0,0
225,   216,151744.159999999,175730.959999999
225,   217,0,0
225,   218,-0.0300000000934232,88330.06
225,   219,0,0
225,   220,0,0
225,   221,0,0
225,   222,-3.49231754626089E-12,0
225,   223,0,0
225,   224,0,0
225,   225,0,5.17275111633352E-12
225,   226,7.27595761418342E-12,0
225,   227,0,0
225,   228,0,0
225,   229,0,0
225,   230,-1.36779476633819E-13,0
225,   231,315447.329999994,4.06208178205247E-10
225,   232,0,0
225,   233,0,0
225,   234,0,0
225,   235,0,-1.477928890381E-12
225,   236,0,0
225,   237,0,0
225,   238,0,2.8421709430404E-14
225,   239,0,0
225,   240,0,0
225,   241,-1.16415321826934E-10,1.22321389128821E-10
225,   242,-3.63797880709171E-12,2.11031192520749E-12
225,   243,0,0
225,   244,-0.120000000140862,1.53394382265692E-10
225,   245,-8.73114913702011E-11,4.09983158533577E-12
225,   246,-1.45519152283668E-11,1.13686837721616E-12
225,   247,0,0
225,   248,0,9.16600129130529E-13
225,   249,0,-9.09494701772928E-13
225,   250,3.63797880709171E-12,0
225,   251,0,0
225,   252,0,3.08790389091928E-11
225,   253,0,2.32830421609264E-12
225,   254,-4.54747350886464E-13,1.18918763725162E-12
225,   255,0,0
225,   257,215759.979999999,5.82076609134674E-11
225,   258,-2.22257767745759E-11,2.45665883469303E-11
225,   259,0,0
225,   260,0,0
225,   261,0,0
225,   262,522743.510000009,2907852.87
225,   263,0,0
225,   264,0,2.27373675443232E-13
225,   265,-9.09494701772928E-13,9.09494701772928E-13
225,   266,0,0
225,   267,0,0
225,   268,0,-5.6843418860808E-14
225,   269,0,0
225,   270,-1.64072844199836E-09,0
225,   271,-2.91038304567337E-11,0
225,   272,0,0
225,   273,-7.27595761418342E-12,0
225,   274,0,0
225,   275,0,8.13081546535698E-12
225,   276,-4.54747350886464E-13,0
225,   277,0,3.05577785297828E-12
225,   278,0,0
225,   279,9.09494701772928E-13,0
225,   280,0,-2.95585778076201E-12
225,   281,0,0
225,   282,0,4.3200998334214E-12
225,   283,-1.25144339335747E-11,3.63797880709171E-12
225,   284,0,0
225,   285,0,0
225,   286,0,0
225,   287,-8.41282599139958E-12,-5.34328137291595E-12
225,   288,0,0
225,   289,0,0
225,   290,-7.63975549489259E-11,3.51221274286217E-11
225,   291,-9.09494701772928E-13,0
225,   292,0,1.10844666778575E-12
225,   293,0,-1.13686837721616E-12
225,   294,0,1.26419708035285E-12
225,   295,8.5265128291212E-13,0
225,   296,0,-4.8203229602306E-12
225,   297,0,0
225,   298,1226088.57999999,2360849.92999999
225,   299,0,0
225,   300,0,0
225,   301,0,0
225,   302,0,0
225,   303,0,0
225,   304,0,5.52802248421357E-12
225,   305,0,0
225,   308,0,-2.94676262557747E-12
225,   309,0,0
225,   310,0,0
225,   311,0,0
225,   312,0,0
225,   313,0,0
225,   314,0,0
225,   315,0,0
225,   316,3.63797880709171E-12,-2.77518095309625E-11
225,   317,0,2.27373675443232E-13
225,   318,-4.54747350886464E-13,4.53970194769226E-13
225,   319,0,-9.09494701772928E-13
225,   320,0,0
225,   321,8.73114913702011E-11,2.04636307898908E-12
225,   322,0,-5.30775423612794E-12
225,   323,3.63797880709171E-12,-1.36566105646274E-13
225,   324,0,0
225,   325,0,3.23632318860456E-11
225,   326,-3.75166564481332E-12,1.81898940354585E-12
225,   327,0,0
225,   328,9.09494701772928E-13,5.22959453519433E-12
225,   329,0,-3.63797880709171E-12
225,   330,-3.86535248253494E-12,-3.24007487506605E-12
225,   331,0,0
225,   332,4.54747350886464E-12,0
225,   333,3683.5099999998,100585.92
225,   334,0,0
225,   335,0,7.95807864051312E-13
225,   336,0,0
225,   337,4.54747350886464E-12,-4.97393792819877E-12
225,   338,-3.63797880709171E-12,0
225,   339,0,0
225,   340,-5.45696821063756E-12,2.72848410531878E-12
225,   341,0,0
225,   342,-9.09494701772928E-13,0
225,   343,0,0
225,   344,0,2.83766413144981E-12
225,   345,0,1.36424205265939E-12
225,   346,0,0
225,   347,-1.81898940354585E-12,-8.54641010739065E-13
225,   348,0,0
225,   349,-1.81898940354585E-12,0
225,   350,7.27595761418342E-12,0
225,   351,0,1.02318153949454E-12
225,   352,6.67910171614494E-13,0
225,   353,0,0
225,   354,4.54747350886464E-13,3319.99999999999
225,   355,0,-5.97992141915249E-13
225,   356,0,-2.1884716261411E-12
225,   357,0,0
225,   358,-3.63797880709171E-12,0
225,   359,0,-9.09494701772928E-13
225,   360,-4.54747350886464E-13,-1.81898940354585E-12
225,   361,-7.27595761418342E-12,0
225,   362,0,0
225,   363,0,1.04782849064122E-11
225,   364,0,0
225,   365,0,1.35003119794419E-13
225,   366,0,0
225,   367,-1.81898940354585E-12,9.42996722375078E-12
225,   368,0,-3.59257068538454E-12
225,   369,0,0
225,   370,0,0
225,   371,0,3.71074872218546E-12
225,   372,0,0
225,   375,0,0
225,   376,4.2632564145606E-13,0
225,   377,0,2.27373675443232E-12
225,   378,0,0
225,   379,0,1.81898940354585E-12
225,   380,0,-4.54747350886464E-13
225,   381,0,0
225,   382,0,3.52429196937009E-12
225,   383,-1.81898940354585E-11,3.73034936274052E-13
225,   384,-7.73070496506989E-12,0
225,   385,0,0
225,   386,0,0
225,   387,0,0
225,   388,0,5.6843418860808E-13
225,   389,0,1.26192389870993E-11
225,   391,0,2.23820961764431E-12
225,   392,-1.45519152283668E-11,9.09494701772928E-13
225,   393,2.72848410531878E-12,0
225,   394,0.0299999996987025,3499.72000000003
225,   395,2.60058641288196E-12,0
225,   396,7.95807864051312E-13,0
225,   397,0,0
225,   398,7.27595761418342E-12,4.43378667114302E-12
225,   399,0,0
225,   400,0,7.27595761418342E-12
225,   401,0,0
225,   402,0,0
225,   403,0,0
225,   404,0,9.0951551845464E-15
225,   405,0,0
225,   406,0,0
225,   407,0,0
225,   408,0,0
225,   409,0,0
225,   410,0,0
225,   411,0,0
225,   412,-2.24531504500191E-12,0
225,   413,-5.0022208597511E-12,1.81898940354585E-12
225,   414,0,-9.09494701772928E-13
225,   415,0,0
225,   416,0,0
225,   417,0,0
225,   418,0,8.56916967939547E-13
225,   419,0,0
225,   420,0,4.92930141149372E-11
225,   421,0,-1.98951966012828E-12
225,   422,2.27373675443232E-13,0
225,   423,0,5.6843418860808E-14
225,   424,-0.0100000000093132,1.57778004203357E-10
225,   425,0,0
225,   426,0,-4.55191440096314E-14
225,   427,0,0
225,   428,0,0
225,   429,0,0
225,   430,-2.18278728425502E-11,-1.28821397993306E-11
225,   431,2.32830643653869E-10,7.98755662306804E-11
225,   432,0,-1.76101321025523E-12
225,   433,0,0
225,   434,-1.81898940354585E-12,5.15945619561364E-12
225,   435,-1.45519152283668E-11,0
225,   436,-2.91038304567337E-11,4.89990270580165E-11
225,   437,0,-5.53512791157118E-12
225,   438,-2.18278728425502E-11,3.63797880709171E-12
225,   439,0,4.54747350886464E-13
225,   440,0,-1.81898940354585E-12
225,   441,0,0
225,   442,0,0
225,   443,0,0
225,   444,0,0
225,   445,0,0
225,   446,0,0
225,   447,5.45696821063756E-12,5.6843418860808E-13
225,   448,-1.54614099301397E-11,-7.84859330305032E-12
225,   449,0,1.81898940354585E-12
225,   451,-3.63797880709171E-12,0
225,   452,7.27595761418342E-12,-9.09494701772928E-13
225,   453,0,-4.54747350886464E-13
225,   454,0,2.61792323930087E-12
225,   455,0,0
225,   456,0,-5.11590769747272E-13
225,   457,-2.33058017329312E-12,0
225,   458,0,0
225,   459,786502.629999969,369112.720000001
225,   460,0,0
225,   461,0,0
225,   462,-1.53477230924181E-12,1.19371179607696E-12
225,   463,0,0
225,   464,0,0
225,   465,8.73046079874484E-12,0
225,   466,-9.09494701772928E-13,0
225,   467,0,0
225,   468,0,-2.28240516764177E-12
225,   469,0,0
225,   470,1.0061285138363E-11,0
225,   471,3.63797880709171E-12,0
225,   472,227585.15,2.31182184506906E-10
225,   473,0,7.105427357601E-15
225,   474,392717.999999999,434380.56
225,   475,-1.13686837721616E-13,0
225,   476,0,0
225,   477,0,6.35802521742334E-12
225,   478,0,3.94173582662915E-12
225,   479,-4.54747350886464E-12,-9.09494701772928E-13
225,   480,0,-2.89333002001512E-11
225,   481,0,0
225,   482,0,0
225,   483,0,7.78754838393069E-12
225,   484,0,0
225,   485,-1.81898940354585E-12,-2.28283190961686E-12
225,   486,0,2.27587046430777E-13
225,   487,0,0
225,   488,1.81898940354585E-12,0
225,   489,-1.81898940354585E-12,-4.54747350886464E-13
225,   490,0,0
225,   491,0,1.36424205265939E-12
225,   492,0,0
225,   494,-0.00999999995110556,3.25233173725791E-11
225,   495,0,0
225,   496,0,1.53476190090096E-13
225,   497,0,3.3253955145085E-13
225,   498,0,0
225,   499,0,0
225,   500,0,1.59872115546022E-14
225,   501,-1.81898940354585E-11,-3.63797880709171E-12
225,   502,0,0
225,   503,-4.36539693282611E-13,0
225,   504,2.27373675443232E-13,0
225,   505,0,0
225,   506,0,0
225,   507,1.27999999880375,1.07224704636033E-09
225,   508,7.27595761418342E-12,3.64153152077051E-14
225,   509,0,4.55191440096314E-14
225,   510,0,0
225,   511,-3.41060513164848E-13,1.4210854715202E-14
225,   512,0,0
225,   513,-3.63797880709171E-12,-1.81898940354585E-12
225,   514,-3.63797880709171E-12,0
225,   515,4.36557456851005E-11,0
225,   516,1.45519152283668E-11,5.0022208597511E-12
225,   518,0,-8.18511924904896E-14
225,   520,2.79669620795175E-11,0
225,   521,-7.27595761418342E-12,0
225,   522,7.27595761418342E-12,3.00133251585066E-11
225,   523,0,0
225,   524,576026.570000026,2543786.67999999
225,   525,0,0
225,   526,-7.27595761418342E-12,0
225,   527,-7.27595761418342E-12,6.82121026329696E-13
225,   528,-1.81898940354585E-12,0
225,   529,0,1.07212363986697E-11
225,   530,-1.46428646985441E-10,6.96644478215269E-12
225,   531,5.82112136271462E-12,1.45519152283668E-11
225,   532,7.27595761418342E-12,5.45696821063756E-12
225,   533,-3.63797880709171E-12,2.38742359215393E-12
225,   534,0,2.27373675443232E-13
225,   535,0,0
225,   536,167496.179999999,12603.4
225,   537,1.81898940354585E-12,0
225,   538,0,0
225,   539,0,0
225,   540,-0.0299999998533166,323743.99
225,   541,0,0
225,   542,-9.09494701772928E-13,5.47117906535277E-13
225,   543,0,9.69180291576776E-12
225,   544,103746.939999999,82499.48
225,   545,-7.95807864051312E-13,0
225,   546,-1.81898940354585E-12,-8.5265128291212E-13
225,   547,0,3.63797880709171E-12
225,   548,0,-4.54747350886464E-13
225,   549,-3.46460637956624E-11,2.32773800235008E-11
225,   550,0,4.54747350886464E-12
225,   551,0,0
225,   552,0,0
225,   553,5.31485966348554E-12,3.64133185409842E-11
225,   554,0,0
225,   555,0,0
225,   556,0,-9.0951551845464E-15
225,   557,0,0
225,   558,-0.0100000001111766,69755.9
225,   559,0,4.77484718430787E-12
225,   560,-6.82121026329696E-13,4.21795931515589E-12
225,   561,1.45519152283668E-11,2.72848410531878E-11
225,   562,0,-1.5629858518551E-15
225,   563,0,-1.81898940354585E-12
225,   565,0,0
225,   566,0,0
225,   567,0,0
225,   568,0,-2.27373675443232E-13
225,   569,0,0
225,   570,4854581.56999998,2883049.59
225,   571,0,3.41060513164848E-13
225,   572,0,0
225,   573,-9.32232069317251E-12,4.54747350886464E-12
225,   574,-2.91038304567337E-11,3.55180416328204E-11
225,   575,7.27595761418342E-12,7.44648787076585E-12
225,   576,-1.03318598121404E-09,1597512.17
225,   577,0,0
225,   578,0,0
225,   579,-0.0200000000295403,3.43243298367434E-11
225,   581,0,-9.10382880192628E-15
225,   582,-1.81898940354585E-11,4.09272615797817E-12
225,   583,0,0
225,   670,0,0
225,   671,0,1.477928890381E-12
225,   672,0,6.82121026329696E-12
225,   673,0,9.09494701772928E-13
225,   674,-8.00355337560176E-11,2.08046913030557E-11
225,   675,0,0
225,   676,0,0
225,   677,0,0
225,001001,-7.27595761418342E-11,0
225,001002,0,1.81898940354585E-12
225,001005,2.91038304567337E-11,0
225,001007,0,0
225,001008,-1.16529008664656E-12,1.81898940354585E-12
225,001010,0,0
225,001013,-1.45519152283668E-11,-9.2796881290269E-12
225,001014,-0.0300000000424915,3.0468072509393E-11
225,001015,38695.2699999999,30938.78
225,001017,-1.45519152283668E-11,0
225,001018,-0.0100000000020372,0
225,001021,1012667.85,6730073.62
225,001030,1.09139364212751E-11,28729.23
225,001031,1.45519152283668E-11,0
225,001032,119915.009999996,659740.729999999
225,001036,0,0
225,001038,2201.19999999999,-4.12825329476618E-12
225,001039,-0.250000003914465,8.64019966684281E-12
225,001041,-2.91038304567337E-11,-2.29647412197664E-11
225,001042,2896276.39999999,645335.76
225,001043,-1.81898940354585E-12,8.72191208145523E-13
225,001045,-5.6843418860808E-13,-2.91038304567337E-11
225,001046,0,0
225,001047,-1.45519152283668E-11,7.27595761418342E-12
225,001048,0,1.81898940354585E-12
225,001049,0,0
225,001051,3.63797880709171E-12,0
225,001052,0,0
225,001053,66514.4,106899.8
225,001058,0,0
225,001061,-0.010000000038417,1.36424205265939E-11
225,001063,2.91038304567337E-11,0
225,001064,0,0
225,001066,0,0
225,001067,0,0
225,001068,0,-3.63797880709171E-12
225,001069,0,0
225,001070,0,0
225,001071,0,0
225,001072,0,0
225,001075,0,0
225,001077,27218.2299999999,112568.7
225,001082,25441.92,0
225,001086,0.0200000000186264,1.083435563487E-10
225,001088,-0.0100000000238651,109379.37
225,001090,0,0
225,001091,0,0
225,001092,0,0
225,001103,0,0
225,001104,0,0
225,001105,0,0
225,001115,310972.8,1.77134751311314E-10
225,001116,0,-1.57090035424189E-11
225,001202,0,0
225,001205,0,2.27773026134636E-11
225,002000,0,1.44382283906452E-11
225,002001,0,0
225,002003,0,0
225,002004,123044667.639999,455129.400000002
225,002005,1232925.58999999,564586.87
225,002006,0,1.20998322472587E-10
225,002007,17919.9399999993,2.40845565713243E-10
225,002008,2.4556356947869E-11,0
225,002009,0,-6.18456397205591E-11
225,002010,0,-1.09139364212751E-11
225,002011,23380.0299999999,1.11322149415338E-11
225,002012,36693356.62,10792339.31
225,002013,-0.0599999996920814,4.36557456851005E-11
225,002014,0,3.4797267497999E-11
225,003000,0,0
225,003001,0,0
225,003002,-0.0299999995659163,1.24297117737315E-10
225,003003,0,0
225,003004,0,0
225,003005,-0.190000015572877,1.27274901728924E-09
225,003006,1.03568709164392E-10,0
225,003007,0,0
225,003008,0,0
225,003009,-0.0200000000731961,4.00177668780088E-11
225,003010,0,0
225,003011,-1.45519152283668E-11,7.27595761418342E-12
225,003012,0,0
225,003013,60221.9099999994,3.74361661462097E-10
225,003014,0,0
225,003015,0,0
225,003016,0,2.27373675443232E-13
225,003017,0,0
225,003019,0,0
225,003020,935108.719999999,2016680.63
225,003021,0,0
225,003026,0,0
225,003029,0,0
225,003030,0,0
225,003031,0,-2.27373675443232E-13
225,003032,0,0
225,003033,0,0
225,003034,0,0
225,003036,0,0
225,003038,0,0
225,003040,0,0
225,003042,-3.63797880709171E-12,5.45696821063756E-12
225,003043,0,-4.54747350886464E-13
225,003044,0,0
225,003047,-5.45696821063756E-12,0
225,003048,0,0
225,003049,0,0
225,003050,0,0
225,003051,0,0
225,003052,0,0
225,003055,0,0
225,003058,0,0
225,003063,0,0
225,003065,2.27373675443232E-13,0
225,004000,-1.81898940354585E-12,0
225,004001,0,0
225,004002,0,0
225,004003,0,0
225,004006,0,0
225,004007,0,0
225,005002,0,0
225,005004,0,0
225,005005,0,0
225,005013,0,0
225,005019,0,0
225,005020,0,0
225,006001,0,0
225,006002,0,0
225,006003,0,0
225,006004,0,0
225,006005,0,0
225,006006,0,0
225,006007,0,1.81898940354585E-12
225,006008,0,0
225,006009,0,0
225,006010,0,0
225,006011,0,1.34626511327784E-12
225,006012,0,-2.27373675443232E-13
225,006013,0,0
225,006014,0,0
225,006015,0,0
225,006017,0,0
225,006019,43651.810000001,259054.01
225,006022,0,0
225,006024,0,0
225,006026,0,0
225,006028,0,0
225,006029,0,0
225,006030,0,0
225,006032,0,9.09494701772928E-13
225,006034,0,7.28306304154102E-14
225,006039,0,0
225,006040,-7.27595761418342E-12,7.27595761418342E-12
225,006041,0,0
225,006042,0,0
225,006043,0,0
225,006044,0,0
225,006045,0,0
225,006046,0,0
225,006047,3500895.68999999,6628680.78
225,006048,0,1.80989424836131E-12
225,006049,0,0
225,006050,6.09361450187861E-11,4.0036529647125E-11
225,007000,0,0
225,007001,0,1.38697733853554E-12
225,007002,0,-6.48924490531666E-12
225,007003,0,-6.69842827039079E-12
225,007004,0,0
225,007005,0,0
225,007006,0,0
225,007007,0,0
225,007008,0,0
225,007009,0,0
225,007010,0,9.0951551845464E-15
225,007012,-9.09494701772928E-13,2.27373675443232E-13
225,007013,0,0
225,007014,0,0
225,007015,0,0
225,007016,3.09228198602795E-11,0
225,007017,0,0
225,007020,0,0
225,007021,0,0
225,007022,0,2.17085880521716E-11
225,007025,0,0
225,007026,0,0
225,007028,0,0
225,007029,0,0
225,007033,0,0
225,007034,0,0
225,007038,0,0
225,007042,0,9.09494701772928E-13
225,007043,0,0
225,007044,0,0
225,007046,0,-6.04814809346265E-13
225,007049,0,0
225,007051,0,0
225,007053,0,0
225,007055,0,0
225,007056,0,0
225,007057,0,0
225,007059,0,7.27595761418342E-12
225,007063,0,0
225,007064,0,0
225,007065,0,0
225,007068,0,0
225,007071,-4.36557456851005E-11,-1.09139364212751E-11
225,007078,0,0
225,007079,0,0
225,008001,0,1.81898940354585E-12
225,008002,0,0
225,008003,0,0
225,008004,0,0
225,008005,0,0
225,008006,0,0
225,008007,0,0
225,008008,0,0
225,008009,0,0
225,008010,-9.09494701772928E-13,0
225,008011,0,0
225,008012,0,3.6095570976613E-12
225,008017,0,0
225,008018,0,0
225,008019,32064.7200000008,323802.22
225,008021,4.54747350886464E-12,2.09183781407773E-11
225,008022,0,0
225,008023,0,0
225,008025,0,3.63797880709171E-12
225,008026,-8.18545231595635E-12,9.80548975348938E-12
225,008027,0,0
225,008028,0,0
225,008030,0,0
225,008031,0,0
225,008034,32405.5399999991,1.03608677193278E-10
225,008035,0,0
225,008038,0,0
225,010000,0,-1.81898940354585E-12
225,010001,0,0
225,010003,0,0
225,010004,-1.81898940354585E-12,-7.88702436693711E-12
225,010005,0,2.18278520258685E-13
225,010009,0,0
225,010010,0,0
225,010011,1.08002495835535E-11,1.05582926082647E-10
225,010012,0,0
225,010013,0,0
225,010014,-0.0300000004763205,82023.32
225,010015,0,0
225,010016,0,0
225,010017,0,0
225,011000,0,0
225,011001,0,3.41060513164848E-12
225,011002,0,0
225,011003,-2.1849189124623E-13,1.83320025826105E-12
225,011004,0,0
225,011005,0,0
225,011006,81582.5199999999,3.34694050252437E-10
225,011007,-1.81898940354585E-12,0
225,011008,0,1.81898940354585E-12
225,011009,0,0
225,011010,0,0
225,011011,0,0
225,011012,0,0
225,011013,0,8.18545231595635E-12
225,011014,0,0
225,011015,0,0
225,011016,0,0
225,011017,0,0
225,011018,0,0
225,011019,0,0
225,011020,0,0
225,011021,0,0
225,011022,0,0
225,011023,0,0
225,011024,0,1.81898940354585E-12
225,011025,0,0
225,011026,0,0
225,011027,0,0
225,011028,0,0
225,011029,0,0
225,011030,19077.35,2.18278728425502E-11
225,011031,0,0
225,011032,0,0
225,011033,0,0
225,011034,-1.09139364212751E-11,3.63797880709171E-12
225,011035,0,0
225,011036,-1.81898940354585E-12,0
225,011037,0,0
225,011039,0,0
225,011041,0,0
225,011042,0,-2.91044965905484E-13
225,011045,0,0
225,011046,1.81898940354585E-12,0
225,011047,0,0
225,011050,0,1.22781784739345E-11
225,011051,0,0
225,011054,0,0
225,011055,0,0
225,011056,0,0
225,011057,0,0
225,011058,0,0
225,011059,0,0
225,012000,0,0
225,012001,-0.170000000471191,208659.56
225,012002,0,0
225,012003,-9.09494701772928E-13,0
225,012004,0.00999999997782197,8.29913915367797E-12
225,012005,1.81898940354585E-12,0
225,012006,0,0
225,012007,0,0
225,012008,-3.63797880709171E-12,0
225,012009,0,0
225,012010,0,0
225,012011,0,0
225,012012,0,0
225,013002,291352.209999999,1119510.07
225,015001,0,0
225,015002,0,0
225,015003,0,0
225,015004,0,0
225,015006,0,0
225,015007,0,0
225,015008,0,0
225,015009,-0.0300000002243905,63106.7800000001
225,015010,0,0
225,015012,3.09228198602795E-11,0
225,015013,0,0
225,015014,0,0
225,015016,0,0
225,016001,0,0
225,017000,0,0
225,017001,0,0
225,017002,0,0
225,017003,0,0
225,017004,0,0
225,017005,0,0
225,017006,0,0
225,017007,0,0
225,017008,0,3.18323145620524E-12
225,017009,0,0
225,017010,0,0
225,017011,0,0
225,017012,-3.63797880709171E-12,0
225,017013,0,0
225,017015,0,1.81898940354585E-12
225,017016,0,0
225,017017,0,0
225,017018,0,0
225,017020,-0.180000001184453,-1.86923896500212E-11
225,017021,0,0
225,017024,0,0
225,017025,0,0
225,017026,0,0
225,017027,0,0
225,020001,0,0
225,020002,0,0
225,020003,0,0
225,021001,0,0
225,101001,0,0
225,101003,0,0
225,103001,0,0
225,103002,-2.72848410531878E-11,0
225,103003,0,0
225,103004,0,0
225,103005,0,0
225,103006,0,0
225,103007,0,0
225,103008,-9.09494701772928E-12,0
225,103009,-9.09494701772928E-13,0
225,103010,0,2.94727089955593E-12
225,103011,3.63797880709171E-12,0
225,105001,-3.1377567211166E-11,0
225,106001,0,0
225,106002,0,0
225,106003,0,0
225,106004,0,0
225,107001,-7.27595761418342E-12,0
225,107002,3.63797880709171E-12,0
225,107003,0,0
225,107004,0,0
225,108002,0,0
225,108003,0,0
225,110001,0,0
225,111001,3.63797880709171E-12,4.54747350886464E-13
225,111002,-7.27595761418342E-12,0
225,111003,0,-4.54747350886464E-13
225,111004,-7.27595761418342E-12,0
225,112001,0,0
225,112002,-4.09272615797817E-12,0
225,112003,0,0
225,115001,0,0
225,115002,0,0
225,   584,0,0
225,   585,0,9.0951551845464E-15
225,   678,0,-7.87281351222191E-12
225,   587,0,2.13370987545147E-16
225,   586,0,-1.27329258248209E-11
225,   589,-3.63797880709171E-12,0
225,   588,9.09494701772928E-13,-1.4210854715202E-12
225,   590,0,9.0951551845464E-15
225,   591,0,1.54614099301397E-11
225,   592,0,0
225,   593,-9.09494701772928E-13,1.81898940354585E-12
225,   594,0,-2.89219169447019E-12
225,   564,0,-3.63797880709171E-12
225,   596,0,1.4210854715202E-14
225,   595,0,-2.27373675443232E-13
225,   597,0,-2.27373675443232E-12
225,   598,0,0
225,   599,-3.63797880709171E-12,3.23213678043998E-12
225,   600,-1.63709046319127E-11,5.22959453519433E-12
225,   603,0,0
225,   601,0,-1.81898940354585E-12
225,   602,-9.09494701772928E-13,-1.98951966012828E-13
225,   604,-1.13686837721616E-13,0
225,   606,613359.940000001,445711.2
225,   607,0,0
225,   605,0,-1.13686837721616E-12
225,   608,0,0
225,   609,3.63797880709171E-12,-3.63797880709171E-12
225,   610,-1.12777343019843E-10,3.86535248253494E-12
225,   611,0.010000000031141,4.00177668780088E-11
225,   612,0,0
225,   613,0,9.0951551845464E-15
225,   615,0,0
225,   614,-6.54836185276508E-11,1.81898940354585E-11
225,   616,0,9.30852617209154E-15
225,   617,0,0
225,   618,0,2.13370987545147E-16
225,   619,0,2.13370987545147E-16
225,   620,0,2.13370987545147E-16
225,   621,-1.20053300634026E-10,4.238776690757E-11
225,   622,0,0
225,   623,0,2.13370987545147E-16
225,   624,0,1.98972782694539E-15
225,   625,0,0
225,   626,0,0
225,   627,0,-1.5629858518551E-15
225,   628,0,2.13370987545147E-16
225,   629,0,0
225,   630,0,0
225,   631,0,0
225,   632,-0.0100000000020372,-7.27595761418342E-12
225,   633,0,1.02318153949454E-12
225,   634,0,-9.09494701772928E-13
225,   635,0,1.70419234279961E-14
225,   636,0,2.13370987545147E-16
225,   637,0,0
225,   638,0,0
225,   639,0,1.81903103690928E-14
225,   640,0,0
225,   641,0,7.04859261235757E-12
225,   642,0,0
225,   643,2.44471110022459E-11,1.17932561286004E-10
225,   645,0,9.0951551845464E-15
225,   644,0,0
225,   646,0,0
225,   648,0,1.4210854715202E-14
225,   649,0,2.13370987545147E-16
225,   647,0,1.09267282721869E-12
225,   650,0,2.27373675443232E-13
225,   651,0,0
225,   652,0,1.4210854715202E-14
225,   653,0,0
225,   654,0,2.8421709430404E-14
225,   656,0,1.4210854715202E-14
225,   657,0,0
225,   658,0,0
225,   659,0,0
225,   660,7.38964445190504E-13,2.8990143619012E-12
225,   661,4.54747350886464E-13,0
225,   662,31128.5499999999,108419.49
225,   663,0,1.98972782694539E-15
225,   664,0,7.105427357601E-15
225,   666,0,3.63797880709171E-12
225,   665,1.1823431123048E-11,0
225,   667,0,0
225,   668,0,0
225,   669,0,0
225,   679,0,9.0951551845464E-15
225,   680,-0.100000000034924,2.17861497939231E-10
225,   681,0,3.41060513164848E-13
225,   682,-3.63797880709171E-12,1.81898940354585E-12
225,   683,-7.27595761418342E-12,4.40536496171262E-12
225,   684,0,0
225,   685,0,0
225,   686,0,0
225,   687,0,1.98972782694539E-15
225,   688,0,0
225,   689,0,0
225,   690,0,0
225,   691,-3.63797880709171E-12,-1.74971148680924E-12
225,   692,3.63797880709171E-12,-1.76214598468504E-12
225,   693,0,0
225,   694,0,1.98972782694539E-15
225,   695,7.67386154620908E-13,0
225,   696,2868783.42999999,5983653.28
225,   697,0,1.98972782694539E-15
225,   698,-1.81898940354585E-12,0
225,   700,0,0
225,   701,0,0
225,   702,0,0
225,   703,0,4.54747350886464E-13
225,   704,0,0
225,   699,0,1.4210854715202E-14
225,   705,0,0
225,   707,0,0
225,   708,-0.0400000000372529,2.66027200268581E-11
225,   706,0,0
225,   709,0,0
225,   710,9.09494701772928E-13,-9.9475983006414E-13
225,   711,8.66862137627322E-13,0
225,   712,1.16415321826934E-10,3.31112914864206E-11
225,   713,-6.36646291241049E-12,1.65414348884951E-11
225,   714,146941.759999989,100000.29
225,   715,0,0
225,   716,-1.81898940354585E-12,-2.27373675443232E-13
225,   717,0,0
225,   718,0,0
225,   719,0,0
225,   720,0,1.4210854715202E-14
225,   722,-7.27595761418342E-12,1.38129507831763E-11
225,   721,5.45696821063756E-12,1.54400936480669E-11
225,   725,0,2.72848410531878E-12
225,   724,5.45696821063756E-12,0
225,   726,0,0
225,   727,25869.1599999999,3059.89000000003
225,   728,0,0
225,   730,0,0
225,   731,0,1.4210854715202E-14
225,   732,0,0
225,   733,-7.27595761418342E-12,9.09494701772928E-13
225,   735,-0.0100000000020372,0
225,   734,366584.52,1.45519152283668E-11
225,   736,0,0
225,   737,0,0
225,   738,0,0
225,   739,-4.54747350886464E-13,0
225,   740,233709.69,507505.59
225,   742,0,0
225,   741,0,-5.90262040633948E-12
225,   743,0,0
225,   744,0,0
225,   745,0,0
225,   746,-4.45652403868734E-11,1.45519152283668E-11
225,   747,-2.18278728425502E-11,3.63797880709171E-12
225,   748,0,0
225,   749,0,0
225,   750,0,0
225,   751,0,1.81898940354585E-12
225,   752,-1.45519152283668E-11,1.52340362546965E-11
225,   753,0,0
225,   754,0,0
225,   755,0,0
225,   756,-4.18367562815547E-11,1.4637180356658E-11
225,   757,0,0
225,   758,-0.00999999999476131,0
225,   759,0,0
225,   760,0,1.81903103690928E-14
225,   761,-1.81898940354585E-12,0
225,   800,8.96534402272664E-10,-5.0022208597511E-12
225,   762,-8.73114913702011E-11,4.36557456851005E-11
225,   763,-0.0099999999965803,1.63709046319127E-11
225,   764,-1.81898940354585E-12,3.63797880709171E-12
225,   765,-9.09494701772928E-13,9.09494701772928E-13
225,   766,0,0
225,   767,0,0
225,     1,-1.81898940354585E-12,9.09494701772928E-13
225,     2,0,0
225,     3,0,0
225,     4,0,0
225,     5,0,0
225,     6,0,0
225,     7,0,2.18483356406729E-11
225,     8,0,0
225,     9,0,-9.09494701772928E-13
225,    10,0,0
225,    11,0,0
225,    12,0,0
225,    13,-3.63797880709171E-12,-1.12777322203161E-12
225,   729,0.00999999999203282,1.22781784739345E-11
225,   768,0,-9.09494701772928E-13
225,   770,0,0
225,   769,0.0100000000134059,4.41247038907022E-12
225,   771,-10513.5499999999,1.13914211397059E-10
225,   772,-2.27373675443232E-13,1.77635683940025E-14
225,   773,0,1.81898940354585E-12
225,   775,-0.0100000000820728,3.83261200553874E-11
225,   776,-1.45519152283668E-11,1.81898940354585E-12
225,   774,0,-1.00830455096456E-12
225,   777,0,1.81898940354585E-11
225,   778,-42192.089999997,7.27595761418342E-10
225,   779,-9.09494701772928E-13,2.8421709430404E-14
225,   780,0,-1.81898940354585E-12
225,   781,0.0299999999333522,6.48014975013211E-12
225,   782,-1.81898940354585E-12,3.63797880709171E-12
225,   783,0,-4.54747350886464E-13
225,   784,0,1.09134923320652E-13
225,   787,0,1.81898940354585E-12
225,   790,9.09494701772928E-13,-1.4566126083082E-13
225,   789,1.45519152283668E-11,1.00044417195022E-11
225,   788,-0.0299999999278952,1.79716155151998E-11
225,   791,0,0
225,   792,1098849.1,2232132.52
225,   793,74360.6399999999,3.63797880709171E-12
225,   794,-0.0200000000477302,0
225,   795,232309.699999999,5.25233190273866E-11
225,   796,-1.81898940354585E-12,8.24229573481716E-13
225,   797,3.41060513164848E-12,2.72848410531878E-12
225,   798,7.45785655453801E-11,1.11074030181845E-10
225,   799,0,6.3948846218409E-12
225,   802,-3.11047188006341E-10,1.68580531478834E-11
225,   804,116586.560000001,1.85055156962099E-10
225,   805,-0.0400000001518492,6.77005118632223E-11
225,   803,-1.81898940354585E-12,0
225,   807,1.27329258248209E-11,1.5688783605583E-11
225,   808,-3.63797880709171E-12,4.54747350886464E-12
225,   806,-8.18545231595635E-12,-4.54747350886464E-13
225,   809,-0.00999999998953171,9.54969436861574E-12
225,   810,3893100.18,1270241.8
225,   811,-3.63797880709171E-11,2.18278728425502E-11
225,   813,-0.0100000000093132,-2.91038304567337E-11
225,   812,1.08002495835535E-12,1.81898940354585E-12
225,   814,0,0
225,   818,1156044.54999999,942008.06
225,   816,0,1.477928890381E-11
225,   817,0,2.54658516496419E-11
225,   819,0,4.09272615797817E-12
225,   820,9.09494701772928E-12,-1.33866251417202E-11
225,   821,93834.1299999995,327365.81
225,   825,-2.72848410531878E-12,0
225,   827,-36671648.54,234082.52
225,   828,0.00999999975820742,9.57154355774037E-11
225,   829,-5.6843418860808E-12,5.6843418860808E-12
225,   826,17931.2227039997,-1.4915713109076E-10
225,   823,-0.0600000011581869,1.5552359400317E-10
225,   831,-1.81898940354585E-12,1.4210854715202E-13
225,   822,-0.0500000001702574,5.18411980010569E-11
225,   830,33404.58,4.6611714488165E-11
225,   832,0,-4.54747350886464E-13
225,   833,-7.27595761418342E-12,1.53477230924181E-12
225,   834,17115.2,2.91038304567337E-11
225,   835,-3.63797880709171E-11,2.70006239588838E-11
225,   836,-0.0200000001586886,11875.5
225,   839,-3.63797880709171E-12,0
225,   837,7.27595761418342E-12,0
225,   840,0,0
225,   838,248796.8,8.00355337560176E-11
225,   841,0,0
225,   843,-1.81898940354585E-12,0
225,   842,7.27595761418342E-12,0
225,   844,76938.9599999999,2.54658516496419E-11
225,   786,2.18278728425502E-11,1.81898940354585E-12
225,   847,-3.63797880709171E-12,7.50333128962665E-12
225,   848,0,0
225,   850,0,-2.27373675443232E-13
225,   849,-2.91038304567337E-11,1.09139364212751E-11
225,   852,67955.1200000001,1.62799551617354E-10
225,   846,-7.27595761418342E-12,1.09139364212751E-11
225,   851,0.00999999998020939,1.45519152283668E-11
225,   854,0,0
225,   853,-0.0100000000093132,9.09494701772928E-13
225,   855,0,0
225,   857,-1.63709046319127E-11,3.18323145620524E-11
225,   856,0,1.13686837721616E-13
225,   858,-4.54747350886464E-13,4.54747350886464E-13
225,   859,-9.09494701772928E-13,2.27373675443232E-13
225,   860,-1.01863406598567E-10,1.27329258248209E-11
225,   862,0,0
225,   861,-0.0200000000186264,1.04591890703886E-11
225,   865,-0.0600000002395972,1000.00000000003
225,   863,0,0
225,   864,465630.919999996,1030497.22
225,   866,-1.81898940354585E-12,2.27373675443232E-13
225,   870,0,-7.8216599863623E-12
225,   867,-0.0100000000020372,2.33058017329312E-12
225,   871,4185779.90000005,15234210.57
225,   869,0.010000000009164,-1.81898940354585E-12
225,   868,-4.54747350886464E-12,-1.13686837721616E-13
225,   874,443488.879999994,768992.32
225,   872,-0.110000000064019,6.43467501504346E-11
225,   873,26595.6300000018,3.22870619129389E-11
225,   877,-1.01863406598567E-10,4.95674612466245E-11
225,   878,30719.6699999999,152272.33
225,   879,0,0
225,   876,0.109999999784122,5.32145352089008E-11
225,   881,-9.09494701772928E-13,-9.9475983006414E-14
225,   880,0,-1.81898940354585E-12
225,   884,-2.85353962681256E-11,1.45519152283668E-11
225,   886,-0.050000000410364,7.63975549489259E-11
225,   882,-0.0300000000093518,-4.54747350886464E-13
225,   887,0,-1.45519152283668E-11
225,   875,0,-1.00084211751561E-11
225,   890,-0.0300000001161606,1.04591890703886E-10
225,   891,7.27595761418342E-12,0
225,   888,0,1.63709046319127E-11
225,   893,-9.09494701772928E-13,-9.09494701772928E-13
225,   883,1.45519152283668E-11,0
225,   894,1.81898940354585E-11,-6.36646291241049E-12
225,   885,-0.0100000000038562,7.27595761418342E-12
225,002015,7.27595761418342E-12,1.81898940354585E-12
225,   895,0.0299999999842839,1.3301360013429E-11
225,   892,0,0
225,   897,0,0
225,   899,-7.27595761418342E-12,2.8421709430404E-12
225,   898,0,-2.90469870378728E-11
225,   901,0,0
225,   902,922717.109999999,1002519.92999999
225,   903,-2.91038304567337E-11,7.27595761418342E-12
225,   904,-1.81898940354585E-12,1.81898940354585E-12
225,   905,-3.36513039655983E-11,24151.46
225,   906,484690.77,406757.02
225,   908,0.0100000000020372,-4.54747350886464E-13
225,   910,-0.0100000000027655,0
225,   911,415136.159999999,3.63797880709171E-10
225,   912,0,0
225,   907,-0.0300000000725049,54366.61
225,   913,0,0
225,   914,-0.00999999999984879,0
225,   916,-3.63797880709171E-11,65969.7799999999
225,   915,0.00999999999965517,-7.105427357601E-13
225,   917,-7.27595761418342E-12,-2.49655851547458E-12
225,   918,0,0
225,   896,204154.17,61498.29
225,   919,0,0
225,   920,-0.0499999999883584,5.45696821063756E-12
225,   921,0.0200000000331783,1.04591890703886E-11
225,   922,0,-2.8421709430404E-12
225,   923,0.00999999999476131,-1.45519152283668E-11
225,   925,0,4.32720526077901E-12
225,   926,0,3.63797880709171E-12
225,   927,1.01962882581574E-12,3.63797880709171E-12
225,   928,0,3.63797880709171E-12
225,   929,-0.0100000000202271,2.72848410531878E-12
225,   930,0.0999999999366991,2.04636307898908E-11
225,   931,0,-5.6843418860808E-14
225,   932,-0.0100000000020372,3.63797880709171E-12
225,   935,-0.0500000000392901,4.54747350886464E-12
225,   933,-1.81898940354585E-12,1.08002495835535E-12
225,   934,-0.0100000000165891,4.76063632959267E-12
225,   937,-0.00999999999979195,4.40536496171262E-13
225,   936,0,0
225,   939,-0.0700000005685979,6.73026079311966E-11
225,   942,-0.0300000000097497,8836.59
225,   943,-0.00999999995838152,2.18278728425502E-11
225,   941,-1.56497037551162E-12,-2.83761902863943E-11
225,   940,-2.25554686039686E-10,-1.65891831521713E-11
225,   944,0,-3.41060513164848E-13
225,   945,0,0
225,   946,-0.0499999989988282,2.28646990230174E-10
225,   824,119522.92,344006.389999999
225,000947,-1.45519152283668E-11,2.18278728425502E-11
225,000948,0,-2.27373675443232E-13
225,000950,-0.0099999999956708,0
225,000949,0,7.95807864051312E-13
225,000951,-0.0099999999983904,0
225,000952,0,0
225,000953,-3.63797880709171E-12,0
225,000954,1382963.18000005,3305267.54999999
225,000955,-1.09139364212751E-11,92929.8599999999
225,000956,-1.81898940354585E-12,3.77420317221321E-13
225,000957,7.95807864051312E-12,0
225,000958,-1.09139364212751E-11,-1.36424205265939E-12
225,002017,-605.629932999982,-4.54747350886464E-12
225,002016,-83394.3219619997,7.9921846918296E-11
225,000962,2.95585778076201E-12,-6.70752342557534E-12
225,000964,-0.0100000000238651,0
225,000963,0,0
225,000959,-2.22044604925031E-13,2.27373675443232E-13
225,000960,-1.08357767203415E-13,2.33146835171282E-15
225,000961,-2.27373675443232E-13,2.27373675443232E-13
225,000966,0,0
225,000965,1.09139364212751E-11,0
225,000967,0,0
225,000970,-9.09494701772928E-13,0
225,000968,-0.00999999999856982,7.64543983677867E-12
225,000971,-1.81898940354585E-12,-2.91044965905484E-13
225,000969,-1.81898940354585E-12,0
225,002018,-2579.74983199998,0
225,000972,0,-1.4210854715202E-13
225,000973,-0.00999999999476131,-8.64019966684281E-12
225,000974,-0.0099999999999909,0
225,000975,-7.27595761418342E-12,-1.45519152283668E-11
225,000977,3.63797880709171E-12,0
225,000978,-1.13686837721616E-13,1.72750702631674E-13
225,000976,1.81898940354585E-12,0
225,000979,-0.030000000129803,6.91216181514242E-13
225,000981,0.0199999999967985,2.8705926524708E-12
225,000980,-1.81898940354585E-12,-1.02318153949454E-12
225,000982,-0.0599999998594285,-1.13905116241874E-10
225,000983,0,0
225,000984,-0.01999999999407,5.59907675778958E-12
225,000985,0,-1.477928890381E-12
225,000986,0,0
225,000987,1371875.11000001,1447516.39999999
225,000990,5.82076609134674E-11,140940
225,000989,-0.0200000000113504,8.18545231595635E-12
225,000988,-0.0299999999954252,22713.07
225,000991,60578.7899999999,-3.63797880709171E-11
225,000992,0,-1.13686837721616E-12
225,000993,-3.35731442646647E-13,2.27373675443232E-13
225,000994,-1.08357767203415E-13,-4.54747350886464E-13
225,000995,0,0
225,000996,-1.45519152283668E-11,3.63797880709171E-12
225,000997,-0.00999999999021383,-1.45519152283668E-11
225,000998,0,0
225,000999,11637.0799999999,56229.7
225,001004,5.0022208597511E-12,9.09494701772928E-13
225,001011,0,-2.27373675443232E-13
225,001000,-0.0100000000002182,2.8421709430404E-13
225,001003,0.0199999999895226,-4.54747350886464E-13
225,001006,275210,174968.6
225,001009,-4.36557456851005E-11,2.1316282072803E-11
225,115003,0,-2.04636307898908E-12
225,115005,-0.0500000002257365,202017
225,115004,0,-1.49498191603925E-11
225,115006,-0.010000000038417,0
225,115007,0.0100000000020372,-3.63797880709171E-12
225,115009,-9.09494701772928E-12,1.02318153949454E-12
225,115008,0,-3.63797880709171E-12
225,115011,-0.00999999992200173,0
225,115012,-3.63797880709171E-12,1.45522482952742E-13
225,115015,0,0
225,115016,0,5.6843418860808E-13
225,115017,23982.3599999999,23677.7
225,115014,38912.2199999999,33921.3
225,115018,0,0
225,115019,31294.4399999999,2.18278728425502E-11
225,115021,0,0
225,115020,2156213.51999999,934986.289999999
225,115026,39556,0
225,115028,0,0
225,115025,0,0
225,115024,-1.09139364212751E-11,-3.18323145620524E-12
225,115023,0,0
225,115027,0,0
225,115022,-0.0700000005926995,242612.28
225,115029,659431.009999999,1092480.93
225,115013,0,1.90993887372314E-11
225,115030,-3.63797880709171E-12,0
225,115031,154221.98,0
225,115032,-1.10958353616297E-10,2.13731254916638E-11
225,115034,48692.1199999999,108773.92
225,115033,0,0
225,115035,-3.63797880709171E-12,0
225,115036,0,-1.13686837721616E-13
225,115037,-7.27595761418342E-12,-7.27595761418342E-12
225,115038,0,-2.27373675443232E-13
225,115040,255710.379999999,146766.679999999
225,115039,-7.28732629795558E-11,2.63747357287513E-13
225,115042,43586.0799999999,38094.98
225,115041,1543453.29999999,2640983.53
225,115044,-0.0100000000049931,-1.36424205265939E-12
225,115043,0,0
225,115046,-3.63797880709171E-12,0
225,115049,-5.45696821063756E-12,-7.27595761418342E-12
225,115047,0,71466.8499999991
225,115048,1.45519152283668E-10,613485.459999999
225,115050,0,0
225,115045,0,-4.3200998334214E-11
225,115051,0,-5.6843418860808E-13
225,115010,0,0
225,115052,1.36424205265939E-12,-3.63797880709171E-12
225,115053,4061457.1,1252075
225,115054,-7.50333128962665E-12,34433.61
225,115055,-0.0299999999770079,44574.1599999999
225,115058,680341.35,1168651.89
225,115060,0,1.45519152283668E-11
225,115057,-0.0400000000119007,26355.03
225,115061,-0.00999999999885403,0
225,115062,0,0
225,115063,0,0
225,115064,-1.45519152283668E-11,1.81898940354585E-12
225,115066,0,0
225,115065,0,-1.36424205265939E-12
225,115067,106151.57,619692.559999999
225,115068,-6.11066752753686E-11,0
225,115059,2600023.66999999,1133732.05
225,115069,0,-1.81898940354585E-12
225,115070,2.00088834390044E-11,0
225,115071,0,-5.17275111633352E-12
225,115072,-0.0100000000002182,-5.6843418860808E-13
225,115073,-1.477928890381E-12,0
225,115074,7.28306304154102E-13,-3.5527136788005E-13
225,115076,0,0
225,115077,0,0
225,115075,0,-7.38964445190504E-13
225,115079,0,-1.36424205265939E-12
225,115078,12667.1999999999,47328
225,115080,0,0
225,115081,0,0
225,115082,0,-1.60071088328717E-12
225,115083,0,0
225,115084,-9.09494701772928E-13,0
225,115085,119480,0
225,115087,3584.40000000005,82302
225,115088,58464,0
225,115086,1.54614099301397E-11,0
225,115090,109179.2,0
225,115089,-1.81898940354585E-12,390.130000000002
225,115092,7.27595761418342E-12,-1.45519152283668E-11
225,115091,0,18322.1999999999
225,115093,0,1.81898940354585E-12
225,115094,0,0
225,115095,-6.25277607468888E-13,0
225,115096,0,0
225,115097,158360.88,343873.58
225,115098,-4.2564352042973E-10,4830317.45999999
225,115099,0,0
225,115100,-2.91038304567337E-11,0
225,115056,1566,91903.03
225,115101,106070.389999999,18076.9599999999
225,115102,0,0
225,115104,0,0
225,115106,-98764.83,98764.83
225,115107,-0.00999999999248757,0
225,115108,0,1253.09
225,115109,0,0
225,115103,84215.9999999999,100357.4
225,115110,-1.36424205265939E-12,0
225,115111,422941.189999999,762894.93
225,115112,0,-1.17950094136176E-12
225,115113,381179.47,319768.38
225,115114,0,0
225,115115,0,-2.95585778076201E-12
225,115117,0,8.18545231595635E-12
225,115119,0,0
225,115120,0,0
225,115118,7.27595761418342E-12,-5.23868969037888E-12
225,115123,0,2.27373675443232E-13
225,115122,-3.63797880709171E-12,120525.15
225,115129,0,0
225,115126,84684.6399999999,366132.52
225,115128,7.27595761418342E-12,0
225,115124,23838,-9.09494701772928E-13
225,115130,453185.91,412596.41
225,115133,-7.27595761418342E-12,101650.8
225,115134,-3.63797880709171E-12,0
225,115135,0,0
225,115131,124526,0
225,115125,-3.63797880709171E-12,19905.17
225,115127,-2.91038304567337E-11,259788.96
225,115138,-1.16415321826934E-10,16987.5199999999
225,115140,0,0
225,115139,0,109408.28
225,115141,-7.27595761418342E-12,16550.3
225,115143,0,1.13686837721616E-12
225,115142,596039.44,464631.97
225,115147,0,-4.20641299569979E-12
225,115145,931312.729999999,859553.279999999
225,115137,0,18670.2
225,115121,325546.75,174272.139999999
225,115146,633345.7,69104.56
225,115149,0,0
225,115144,0,72462.31
225,115151,25583.8,0
225,115150,42920,0
225,115152,98764.83,0
